TRADE_DATE,510300,512890,513500,513100,588000,518880,511010
2020-11-16,4.482000,0.706000,1.121000,0.880000,1.465000,3.888000,116.536000
2020-11-17,4.473000,0.706000,1.117000,0.865000,1.436000,3.881000,116.469000
2020-11-18,4.466000,0.710000,1.106000,0.857000,1.424000,3.856000,116.302000
2020-11-19,4.508000,0.705000,1.106000,0.855000,1.438000,3.837000,116.237000
2020-11-20,4.523000,0.708000,1.101000,0.861000,1.435000,3.843000,116.237000
2020-11-23,4.581000,0.720000,1.100000,0.854000,1.422000,3.851000,116.547000
2020-11-24,4.549000,0.715000,1.116000,0.856000,1.416000,3.755000,116.414000
2020-11-25,4.487000,0.705000,1.125000,0.862000,1.393000,3.714000,116.475000
2020-11-26,4.494000,0.707000,1.125000,0.865000,1.390000,3.718000,116.441000
2020-11-27,4.565000,0.711000,1.122000,0.862000,1.392000,3.720000,116.394000
2020-11-30,4.540000,0.717000,1.116000,0.863000,1.391000,3.628000,116.676000
2020-12-01,4.651000,0.713000,1.128000,0.873000,1.409000,3.653000,116.489000
2020-12-02,4.640000,0.714000,1.125000,0.879000,1.414000,3.707000,116.523000
2020-12-03,4.638000,0.705000,1.130000,0.874000,1.417000,3.748000,116.432000
2020-12-04,4.649000,0.704000,1.127000,0.870000,1.411000,3.754000,116.625000
2020-12-07,4.605000,0.695000,1.131000,0.860000,1.412000,3.745000,116.558000
2020-12-08,4.589000,0.693000,1.129000,0.859000,1.408000,3.800000,116.608000
2020-12-09,4.529000,0.686000,1.139000,0.858000,1.380000,3.778000,116.654000
2020-12-10,4.519000,0.683000,1.132000,0.844000,1.383000,3.740000,116.653000
2020-12-11,4.463000,0.684000,1.133000,0.841000,1.396000,3.739000,116.513000
2020-12-14,4.507000,0.678000,1.136000,0.841000,1.413000,3.740000,116.405000
2020-12-15,4.522000,0.676000,1.126000,0.842000,1.406000,3.769000,116.608000
2020-12-16,4.532000,0.674000,1.135000,0.856000,1.388000,3.793000,116.674000
2020-12-17,4.603000,0.676000,1.139000,0.857000,1.406000,3.812000,116.626000
2020-12-18,4.574000,0.682000,1.143000,0.861000,1.403000,3.838000,116.556000
2020-12-21,4.619000,0.680000,1.140000,0.868000,1.430000,3.879000,116.699000
2020-12-22,4.542000,0.666000,1.129000,0.860000,1.403000,3.825000,116.918000
2020-12-23,4.583000,0.665000,1.130000,0.863000,1.417000,3.818000,116.988000
2020-12-24,4.583000,0.660000,1.133000,0.860000,1.393000,3.832000,117.011000
2020-12-25,4.625000,0.666000,1.136000,0.864000,1.394000,3.853000,117.141000
2020-12-28,4.639000,0.662000,1.142000,0.869000,1.380000,3.858000,117.021000
2020-12-29,4.623000,0.660000,1.152000,0.877000,1.381000,3.837000,117.090000
2020-12-30,4.687000,0.662000,1.145000,0.876000,1.403000,3.832000,117.156000
2020-12-31,4.796000,0.664000,1.146000,0.875000,1.434000,3.850000,117.202000
2021-01-04,4.843000,0.660000,1.140000,0.867000,1.464000,3.902000,117.014000
2021-01-05,4.942000,0.660000,1.123000,0.855000,1.468000,3.920000,117.132000
2021-01-06,4.991000,0.666000,1.125000,0.851000,1.458000,3.931000,117.383000
2021-01-07,5.108000,0.667000,1.142000,0.849000,1.429000,3.903000,117.454000
2021-01-08,5.080000,0.668000,1.159000,0.864000,1.423000,3.878000,117.399000
2021-01-11,5.017000,0.662000,1.154000,0.866000,1.437000,3.777000,117.282000
2021-01-12,5.177000,0.663000,1.156000,0.860000,1.450000,3.805000,117.408000
2021-01-13,5.155000,0.662000,1.153000,0.856000,1.454000,3.797000,117.647000
2021-01-14,5.052000,0.661000,1.161000,0.859000,1.498000,3.772000,117.898000
2021-01-15,5.035000,0.666000,1.151000,0.854000,1.492000,3.785000,117.750000
2021-01-18,5.094000,0.669000,1.147000,0.849000,1.526000,3.775000,117.582000
2021-01-19,5.019000,0.676000,1.156000,0.858000,1.492000,3.779000,117.358000
2021-01-20,5.049000,0.669000,1.154000,0.865000,1.524000,3.789000,117.553000
2021-01-21,5.143000,0.669000,1.174000,0.887000,1.526000,3.825000,117.700000
2021-01-22,5.146000,0.658000,1.168000,0.886000,1.536000,3.806000,117.755000
2021-01-25,5.212000,0.652000,1.174000,0.894000,1.542000,3.788000,117.758000
2021-01-26,5.092000,0.650000,1.164000,0.889000,1.524000,3.799000,117.342000
2021-01-27,5.102000,0.651000,1.169000,0.903000,1.503000,3.779000,117.370000
2021-01-28,4.966000,0.643000,1.139000,0.867000,1.469000,3.761000,117.276000
2021-01-29,4.929000,0.642000,1.141000,0.865000,1.467000,3.778000,117.300000
2021-02-01,4.992000,0.649000,1.134000,0.862000,1.467000,3.820000,117.419000
2021-02-02,5.072000,0.647000,1.153000,0.888000,1.478000,3.789000,117.481000
2021-02-03,5.066000,0.646000,1.166000,0.899000,1.456000,3.750000,117.556000
2021-02-04,5.055000,0.642000,1.165000,0.890000,1.435000,3.723000,117.528000
2021-02-05,5.063000,0.652000,1.185000,0.902000,1.414000,3.681000,117.337000
2021-02-08,5.135000,0.652000,1.185000,0.907000,1.425000,3.712000,117.197000
2021-02-09,5.273000,0.654000,1.192000,0.907000,1.472000,3.752000,117.184000
2021-02-10,5.388000,0.658000,1.191000,0.911000,1.478000,3.756000,117.356000
2021-02-18,5.345000,0.672000,1.193000,0.906000,1.476000,3.650000,117.239000
2021-02-19,5.377000,0.683000,1.189000,0.905000,1.472000,3.634000,117.255000
2021-02-22,5.170000,0.691000,1.185000,0.897000,1.433000,3.675000,117.309000
2021-02-23,5.155000,0.683000,1.185000,0.883000,1.433000,3.713000,117.439000
2021-02-24,5.008000,0.682000,1.176000,0.868000,1.409000,3.705000,117.661000
2021-02-25,5.059000,0.698000,1.195000,0.884000,1.393000,3.670000,117.646000
2021-02-26,4.910000,0.685000,1.163000,0.849000,1.368000,3.613000,117.398000
2021-03-01,4.999000,0.693000,1.172000,0.868000,1.400000,3.595000,117.393000
2021-03-02,4.930000,0.690000,1.189000,0.879000,1.392000,3.536000,117.873000
2021-03-03,5.035000,0.705000,1.188000,0.875000,1.400000,3.549000,117.794000
2021-03-04,4.868000,0.706000,1.164000,0.847000,1.366000,3.514000,117.742000
2021-03-05,4.847000,0.695000,1.152000,0.836000,1.370000,3.482000,117.881000
2021-03-08,4.661000,0.691000,1.177000,0.838000,1.316000,3.519000,117.880000
2021-03-09,4.560000,0.686000,1.188000,0.831000,1.269000,3.506000,117.744000
2021-03-10,4.581000,0.680000,1.187000,0.852000,1.272000,3.542000,117.819000
2021-03-11,4.710000,0.695000,1.206000,0.859000,1.304000,3.573000,117.734000
2021-03-12,4.723000,0.710000,1.207000,0.865000,1.298000,3.524000,117.744000
2021-03-15,4.621000,0.714000,1.214000,0.861000,1.260000,3.556000,117.681000
2021-03-16,4.654000,0.717000,1.222000,0.877000,1.258000,3.562000,117.517000
2021-03-17,4.677000,0.713000,1.217000,0.876000,1.271000,3.577000,117.563000
2021-03-18,4.717000,0.714000,1.218000,0.883000,1.277000,3.604000,117.508000
2021-03-19,4.578000,0.706000,1.203000,0.853000,1.266000,3.589000,117.484000
2021-03-22,4.635000,0.714000,1.203000,0.862000,1.280000,3.570000,117.500000
2021-03-23,4.590000,0.704000,1.208000,0.870000,1.273000,3.585000,117.529000
2021-03-24,4.514000,0.697000,1.200000,0.870000,1.258000,3.578000,117.680000
2021-03-25,4.510000,0.696000,1.200000,0.857000,1.259000,3.589000,117.775000
2021-03-26,4.614000,0.701000,1.213000,0.864000,1.293000,3.579000,117.610000
2021-03-29,4.624000,0.713000,1.222000,0.864000,1.286000,3.579000,117.600000
2021-03-30,4.668000,0.711000,1.230000,0.866000,1.286000,3.536000,117.792000
2021-03-31,4.631000,0.710000,1.224000,0.866000,1.284000,3.495000,117.824000
2021-04-01,4.693000,0.714000,1.237000,0.886000,1.303000,3.565000,117.790000
2021-04-02,4.742000,0.708000,1.249000,0.896000,1.338000,3.612000,117.972000
2021-04-06,4.714000,0.708000,1.265000,0.910000,1.335000,3.591000,117.894000
2021-04-07,4.679000,0.714000,1.263000,0.909000,1.339000,3.607000,117.877000
2021-04-08,4.690000,0.713000,1.268000,0.918000,1.330000,3.614000,117.719000
2021-04-09,4.619000,0.713000,1.271000,0.921000,1.309000,3.631000,117.715000
2021-04-12,4.535000,0.713000,1.279000,0.927000,1.282000,3.612000,117.939000
2021-04-13,4.528000,0.709000,1.279000,0.925000,1.280000,3.575000,118.203000
2021-04-14,4.556000,0.712000,1.285000,0.937000,1.290000,3.615000,118.163000
2021-04-15,4.528000,0.713000,1.282000,0.928000,1.300000,3.612000,118.169000
2021-04-16,4.544000,0.724000,1.292000,0.936000,1.315000,3.643000,118.229000
2021-04-19,4.670000,0.722000,1.290000,0.938000,1.336000,3.670000,118.151000
2021-04-20,4.662000,0.719000,1.280000,0.924000,1.330000,3.635000,118.212000
2021-04-21,4.674000,0.722000,1.272000,0.917000,1.325000,3.673000,118.445000
2021-04-22,4.670000,0.722000,1.279000,0.925000,1.345000,3.676000,118.347000
2021-04-23,4.721000,0.716000,1.268000,0.914000,1.352000,3.668000,118.636000
2021-04-26,4.657000,0.714000,1.280000,0.924000,1.352000,3.649000,118.471000
2021-04-27,4.670000,0.711000,1.287000,0.931000,1.352000,3.653000,118.373000
2021-04-28,4.708000,0.717000,1.285000,0.928000,1.361000,3.632000,118.288000
2021-04-29,4.754000,0.725000,1.290000,0.931000,1.363000,3.643000,118.342000
2021-04-30,4.709000,0.719000,1.290000,0.924000,1.364000,3.625000,118.490000
2021-05-06,4.642000,0.727000,1.283000,0.902000,1.348000,3.676000,118.523000
2021-05-07,4.581000,0.732000,1.290000,0.900000,1.304000,3.717000,118.477000
2021-05-10,4.580000,0.739000,1.293000,0.907000,1.294000,3.730000,118.540000
2021-05-11,4.606000,0.734000,1.273000,0.881000,1.294000,3.725000,118.782000
2021-05-12,4.637000,0.741000,1.264000,0.881000,1.310000,3.732000,118.790000
2021-05-13,4.582000,0.739000,1.240000,0.869000,1.313000,3.717000,118.616000
2021-05-14,4.708000,0.738000,1.259000,0.879000,1.341000,3.739000,118.629000
2021-05-17,4.769000,0.742000,1.269000,0.888000,1.367000,3.777000,118.777000
2021-05-18,4.771000,0.744000,1.273000,0.891000,1.359000,3.802000,118.746000
2021-05-19,4.757000,0.743000,1.252000,0.874000,1.365000,3.812000,118.949000
2021-05-20,4.771000,0.733000,1.251000,0.876000,1.369000,3.811000,119.119000
2021-05-21,4.716000,0.736000,1.267000,0.894000,1.354000,3.816000,119.241000
2021-05-24,4.744000,0.741000,1.269000,0.890000,1.371000,3.828000,119.267000
2021-05-25,4.908000,0.752000,1.276000,0.903000,1.408000,3.812000,119.057000
2021-05-26,4.909000,0.756000,1.270000,0.902000,1.404000,3.852000,119.115000
2021-05-27,4.928000,0.761000,1.261000,0.897000,1.437000,3.829000,119.024000
2021-05-28,4.913000,0.764000,1.269000,0.897000,1.430000,3.800000,119.022000
2021-05-31,4.919000,0.769000,1.266000,0.895000,1.484000,3.828000,118.792000
2021-06-01,4.927000,0.769000,1.267000,0.897000,1.502000,3.853000,118.961000
2021-06-02,4.884000,0.770000,1.267000,0.892000,1.469000,3.793000,118.875000
2021-06-03,4.843000,0.768000,1.269000,0.895000,1.456000,3.774000,118.856000
2021-06-04,4.876000,0.767000,1.267000,0.888000,1.475000,3.732000,118.905000
2021-06-07,4.870000,0.759000,1.279000,0.900000,1.475000,3.757000,118.766000
2021-06-08,4.828000,0.761000,1.279000,0.903000,1.465000,3.778000,118.786000
2021-06-09,4.836000,0.762000,1.279000,0.905000,1.472000,3.775000,118.750000
2021-06-10,4.870000,0.762000,1.275000,0.902000,1.498000,3.764000,118.778000
2021-06-11,4.821000,0.760000,1.279000,0.913000,1.493000,3.795000,118.602000
2021-06-15,4.762000,0.752000,1.287000,0.927000,1.499000,3.730000,118.580000
2021-06-16,4.691000,0.751000,1.282000,0.921000,1.453000,3.729000,118.827000
2021-06-17,4.702000,0.751000,1.276000,0.918000,1.528000,3.667000,118.763000
2021-06-18,4.707000,0.747000,1.282000,0.937000,1.550000,3.625000,118.858000
2021-06-21,4.700000,0.746000,1.265000,0.928000,1.584000,3.628000,119.117000
2021-06-22,4.726000,0.750000,1.289000,0.934000,1.580000,3.641000,119.051000
2021-06-23,4.757000,0.759000,1.300000,0.949000,1.588000,3.645000,119.020000
2021-06-24,4.770000,0.759000,1.298000,0.948000,1.561000,3.628000,118.937000
2021-06-25,4.851000,0.759000,1.302000,0.951000,1.595000,3.624000,118.981000
2021-06-28,4.860000,0.748000,1.304000,0.953000,1.618000,3.629000,119.121000
2021-06-29,4.806000,0.746000,1.305000,0.961000,1.621000,3.616000,119.268000
2021-06-30,4.837000,0.750000,1.308000,0.967000,1.648000,3.584000,119.413000
2021-07-01,4.835000,0.757000,1.312000,0.965000,1.633000,3.629000,119.375000
2021-07-02,4.694000,0.748000,1.323000,0.966000,1.594000,3.632000,119.357000
2021-07-05,4.701000,0.745000,1.330000,0.977000,1.640000,3.645000,119.372000
2021-07-06,4.708000,0.747000,1.332000,0.977000,1.591000,3.679000,119.408000
2021-07-07,4.761000,0.745000,1.330000,0.984000,1.624000,3.676000,119.545000
2021-07-08,4.717000,0.734000,1.326000,0.982000,1.670000,3.670000,119.727000
2021-07-09,4.693000,0.739000,1.327000,0.981000,1.644000,3.680000,119.777000
2021-07-12,4.761000,0.736000,1.339000,0.987000,1.660000,3.674000,119.802000
2021-07-13,4.777000,0.740000,1.338000,0.988000,1.654000,3.689000,120.102000
2021-07-14,4.720000,0.746000,1.336000,0.988000,1.616000,3.692000,120.169000
2021-07-15,4.788000,0.745000,1.337000,0.990000,1.617000,3.721000,119.912000
2021-07-16,4.737000,0.749000,1.334000,0.981000,1.584000,3.711000,119.990000
2021-07-19,4.759000,0.751000,1.323000,0.975000,1.573000,3.679000,120.004000
2021-07-20,4.746000,0.749000,1.318000,0.973000,1.577000,3.709000,120.094000
2021-07-21,4.785000,0.747000,1.328000,0.979000,1.623000,3.695000,120.211000
2021-07-22,4.790000,0.751000,1.336000,0.988000,1.638000,3.667000,120.231000
2021-07-23,4.738000,0.748000,1.339000,0.995000,1.627000,3.684000,120.276000
2021-07-26,4.563000,0.731000,1.347000,1.008000,1.616000,3.693000,120.591000
2021-07-27,4.390000,0.711000,1.353000,1.006000,1.605000,3.662000,120.746000
2021-07-28,4.400000,0.710000,1.352000,0.996000,1.574000,3.698000,120.611000
2021-07-29,4.487000,0.711000,1.349000,0.999000,1.651000,3.708000,120.536000
2021-07-30,4.453000,0.711000,1.340000,0.982000,1.651000,3.720000,120.716000
2021-08-02,4.574000,0.709000,1.352000,0.996000,1.657000,3.680000,121.060000
2021-08-03,4.576000,0.703000,1.346000,0.994000,1.621000,3.681000,121.001000
2021-08-04,4.620000,0.709000,1.350000,1.000000,1.665000,3.689000,120.924000
2021-08-05,4.590000,0.709000,1.347000,0.999000,1.664000,3.685000,120.874000
2021-08-06,4.574000,0.713000,1.354000,1.007000,1.650000,3.663000,120.909000
2021-08-09,4.629000,0.724000,1.358000,1.002000,1.631000,3.568000,120.621000
2021-08-10,4.686000,0.724000,1.356000,1.006000,1.647000,3.552000,120.505000
2021-08-11,4.659000,0.743000,1.358000,1.001000,1.639000,3.548000,120.383000
2021-08-12,4.627000,0.752000,1.359000,0.998000,1.646000,3.580000,120.490000
2021-08-13,4.600000,0.751000,1.368000,1.002000,1.611000,3.591000,120.722000
2021-08-16,4.597000,0.757000,1.363000,1.004000,1.607000,3.621000,120.717000
2021-08-17,4.485000,0.746000,1.366000,1.008000,1.566000,3.658000,120.915000
2021-08-18,4.538000,0.749000,1.365000,1.002000,1.565000,3.660000,120.992000
2021-08-19,4.504000,0.741000,1.343000,0.984000,1.603000,3.648000,120.978000
2021-08-20,4.414000,0.742000,1.350000,0.994000,1.590000,3.659000,121.056000
2021-08-23,4.486000,0.749000,1.369000,1.010000,1.621000,3.652000,120.982000
2021-08-24,4.538000,0.751000,1.377000,1.025000,1.636000,3.679000,120.930000
2021-08-25,4.552000,0.756000,1.372000,1.024000,1.601000,3.658000,120.975000
2021-08-26,4.467000,0.766000,1.373000,1.022000,1.555000,3.645000,120.667000
2021-08-27,4.480000,0.770000,1.374000,1.023000,1.538000,3.682000,120.705000
2021-08-30,4.462000,0.774000,1.379000,1.031000,1.527000,3.691000,120.750000
2021-08-31,4.460000,0.800000,1.390000,1.045000,1.491000,3.690000,120.923000
2021-09-01,4.530000,0.794000,1.390000,1.040000,1.480000,3.690000,120.990000
2021-09-02,4.526000,0.809000,1.381000,1.039000,1.456000,3.687000,120.983000
2021-09-03,4.499000,0.807000,1.387000,1.036000,1.457000,3.687000,121.018000
2021-09-06,4.583000,0.813000,1.385000,1.039000,1.493000,3.708000,120.914000
2021-09-07,4.646000,0.830000,1.385000,1.040000,1.494000,3.696000,120.818000
2021-09-08,4.625000,0.846000,1.379000,1.039000,1.467000,3.653000,120.783000
2021-09-09,4.623000,0.872000,1.374000,1.033000,1.454000,3.639000,120.797000
2021-09-10,4.672000,0.865000,1.375000,1.030000,1.482000,3.660000,120.795000
2021-09-13,4.645000,0.887000,1.365000,1.024000,1.438000,3.642000,120.749000
2021-09-14,4.579000,0.869000,1.364000,1.018000,1.452000,3.646000,120.682000
2021-09-15,4.526000,0.865000,1.356000,1.016000,1.437000,3.659000,120.705000
2021-09-16,4.470000,0.860000,1.361000,1.021000,1.402000,3.628000,120.540000
2021-09-17,4.509000,0.843000,1.368000,1.027000,1.413000,3.592000,120.648000
2021-09-22,4.476000,0.868000,1.340000,1.002000,1.410000,3.640000,120.711000
2021-09-23,4.505000,0.868000,1.351000,1.011000,1.419000,3.605000,120.876000
2021-09-24,4.512000,0.836000,1.359000,1.013000,1.428000,3.586000,120.865000
2021-09-27,4.544000,0.819000,1.368000,1.019000,1.424000,3.590000,120.861000
2021-09-28,4.535000,0.840000,1.355000,1.001000,1.407000,3.562000,120.879000
2021-09-29,4.502000,0.818000,1.334000,0.987000,1.399000,3.557000,121.181000
2021-09-30,4.516000,0.829000,1.342000,0.989000,1.423000,3.543000,121.239000
2021-10-08,4.587000,0.821000,1.341000,0.987000,1.417000,3.587000,121.038000
2021-10-11,4.586000,0.829000,1.333000,0.976000,1.404000,3.573000,120.880000
2021-10-12,4.534000,0.824000,1.319000,0.968000,1.371000,3.591000,120.696000
2021-10-13,4.590000,0.809000,1.326000,0.970000,1.395000,3.590000,120.650000
2021-10-14,4.563000,0.803000,1.338000,0.983000,1.398000,3.636000,120.679000
2021-10-15,4.587000,0.807000,1.355000,0.997000,1.418000,3.629000,120.660000
2021-10-18,4.529000,0.823000,1.355000,0.996000,1.405000,3.580000,120.282000
2021-10-19,4.576000,0.823000,1.364000,1.008000,1.420000,3.594000,120.270000
2021-10-20,4.562000,0.807000,1.368000,1.010000,1.424000,3.584000,120.310000
2021-10-21,4.584000,0.820000,1.368000,1.009000,1.415000,3.601000,120.488000
2021-10-22,4.617000,0.820000,1.374000,1.013000,1.423000,3.615000,120.343000
2021-10-25,4.634000,0.801000,1.374000,1.008000,1.434000,3.606000,120.370000
2021-10-26,4.617000,0.796000,1.383000,1.021000,1.429000,3.621000,120.463000
2021-10-27,4.551000,0.782000,1.382000,1.019000,1.412000,3.594000,120.499000
2021-10-28,4.530000,0.759000,1.377000,1.023000,1.412000,3.629000,120.479000
2021-10-29,4.562000,0.755000,1.379000,1.024000,1.450000,3.609000,120.576000
2021-11-01,4.546000,0.762000,1.396000,1.042000,1.459000,3.594000,120.667000
2021-11-02,4.494000,0.744000,1.393000,1.044000,1.460000,3.617000,120.768000
2021-11-03,4.474000,0.760000,1.403000,1.049000,1.454000,3.589000,120.866000
2021-11-04,4.521000,0.757000,1.410000,1.063000,1.466000,3.575000,120.822000
2021-11-05,4.504000,0.742000,1.416000,1.076000,1.453000,3.624000,120.950000
2021-11-08,4.500000,0.743000,1.418000,1.072000,1.454000,3.660000,121.063000
2021-11-09,4.498000,0.742000,1.417000,1.074000,1.476000,3.671000,120.955000
2021-11-10,4.473000,0.740000,1.411000,1.063000,1.475000,3.669000,121.118000
2021-11-11,4.553000,0.755000,1.408000,1.054000,1.493000,3.721000,121.083000
2021-11-12,4.551000,0.751000,1.407000,1.054000,1.497000,3.722000,120.945000
2021-11-15,4.545000,0.749000,1.416000,1.067000,1.486000,3.716000,121.039000
2021-11-16,4.541000,0.744000,1.412000,1.061000,1.475000,3.732000,121.087000
2021-11-17,4.540000,0.743000,1.422000,1.069000,1.491000,3.720000,121.089000
2021-11-18,4.496000,0.741000,1.417000,1.072000,1.479000,3.735000,121.171000
2021-11-19,4.551000,0.752000,1.426000,1.087000,1.501000,3.730000,121.098000
2021-11-22,4.564000,0.752000,1.424000,1.090000,1.533000,3.696000,121.146000
2021-11-23,4.567000,0.759000,1.411000,1.072000,1.532000,3.632000,121.148000
2021-11-24,4.578000,0.769000,1.416000,1.074000,1.527000,3.613000,121.239000
2021-11-25,4.559000,0.767000,1.426000,1.079000,1.524000,3.611000,121.310000
2021-11-26,4.517000,0.756000,1.404000,1.068000,1.515000,3.628000,121.564000
2021-11-29,4.510000,0.749000,1.403000,1.064000,1.531000,3.614000,121.401000
2021-11-30,4.492000,0.748000,1.395000,1.069000,1.530000,3.605000,121.419000
2021-12-01,4.505000,0.758000,1.389000,1.070000,1.511000,3.591000,121.360000
2021-12-02,4.515000,0.763000,1.370000,1.046000,1.483000,3.575000,121.294000
2021-12-03,4.560000,0.776000,1.379000,1.045000,1.499000,3.566000,121.120000
2021-12-06,4.555000,0.773000,1.375000,1.031000,1.462000,3.592000,121.371000
2021-12-07,4.583000,0.784000,1.392000,1.044000,1.447000,3.584000,121.314000
2021-12-08,4.655000,0.785000,1.413000,1.070000,1.468000,3.589000,121.345000
2021-12-09,4.739000,0.787000,1.413000,1.066000,1.489000,3.575000,121.300000
2021-12-10,4.724000,0.784000,1.407000,1.056000,1.499000,3.565000,121.379000
2021-12-13,4.737000,0.779000,1.423000,1.069000,1.495000,3.585000,121.375000
2021-12-14,4.706000,0.769000,1.406000,1.052000,1.493000,3.588000,121.572000
2021-12-15,4.660000,0.776000,1.399000,1.043000,1.475000,3.552000,121.583000
2021-12-16,4.687000,0.787000,1.428000,1.069000,1.478000,3.584000,121.544000
2021-12-17,4.614000,0.788000,1.404000,1.038000,1.452000,3.629000,121.720000
2021-12-20,4.539000,0.784000,1.381000,1.023000,1.421000,3.624000,121.696000
2021-12-21,4.560000,0.798000,1.389000,1.036000,1.431000,3.599000,121.645000
2021-12-22,4.563000,0.795000,1.400000,1.041000,1.428000,3.591000,121.719000
2021-12-23,4.601000,0.799000,1.415000,1.055000,1.430000,3.627000,121.749000
2021-12-24,4.578000,0.793000,1.423000,1.061000,1.415000,3.633000,121.740000
2021-12-27,4.582000,0.797000,1.426000,1.066000,1.411000,3.630000,121.851000
2021-12-28,4.608000,0.791000,1.441000,1.081000,1.422000,3.642000,121.911000
2021-12-29,4.541000,0.788000,1.444000,1.080000,1.410000,3.625000,121.942000
2021-12-30,4.577000,0.789000,1.444000,1.074000,1.430000,3.606000,122.262000
2021-12-31,4.589000,0.795000,1.440000,1.073000,1.452000,3.643000,122.369000
2022-01-04,4.571000,0.809000,1.449000,1.081000,1.420000,3.620000,122.308000
2022-01-05,4.524000,0.812000,1.443000,1.059000,1.384000,3.635000,122.173000
2022-01-06,4.468000,0.818000,1.409000,1.030000,1.375000,3.614000,122.104000
2022-01-07,4.480000,0.825000,1.418000,1.038000,1.358000,3.592000,122.114000
2022-01-10,4.493000,0.829000,1.408000,1.028000,1.372000,3.599000,122.258000
2022-01-11,4.448000,0.832000,1.402000,1.020000,1.344000,3.629000,122.430000
2022-01-12,4.500000,0.827000,1.418000,1.038000,1.366000,3.646000,122.478000
2022-01-13,4.419000,0.835000,1.415000,1.038000,1.348000,3.654000,122.463000
2022-01-14,4.375000,0.810000,1.401000,1.015000,1.366000,3.650000,122.759000
2022-01-17,4.416000,0.813000,1.397000,1.014000,1.391000,3.635000,122.722000
2022-01-18,4.462000,0.820000,1.392000,1.008000,1.395000,3.629000,123.088000
2022-01-19,4.436000,0.835000,1.370000,0.986000,1.378000,3.625000,123.028000
2022-01-20,4.474000,0.829000,1.362000,0.989000,1.362000,3.674000,123.006000
2022-01-21,4.440000,0.821000,1.335000,0.960000,1.344000,3.672000,123.316000
2022-01-24,4.442000,0.822000,1.319000,0.951000,1.362000,3.662000,123.765000
2022-01-25,4.336000,0.800000,1.303000,0.930000,1.327000,3.671000,123.732000
2022-01-26,4.362000,0.806000,1.301000,0.925000,1.326000,3.674000,123.149000
2022-01-27,4.281000,0.797000,1.276000,0.905000,1.291000,3.606000,123.096000
2022-01-28,4.210000,0.791000,1.299000,0.919000,1.283000,3.594000,123.354000
2022-02-07,4.282000,0.811000,1.347000,0.956000,1.284000,3.620000,123.243000
2022-02-08,4.260000,0.830000,1.344000,0.950000,1.256000,3.641000,123.394000
2022-02-09,4.299000,0.834000,1.361000,0.966000,1.260000,3.658000,123.461000
2022-02-10,4.288000,0.845000,1.377000,0.980000,1.238000,3.665000,123.577000
2022-02-11,4.252000,0.848000,1.340000,0.952000,1.217000,3.645000,123.036000
2022-02-14,4.203000,0.831000,1.328000,0.933000,1.220000,3.705000,122.925000
2022-02-15,4.245000,0.824000,1.319000,0.933000,1.250000,3.742000,122.927000
2022-02-16,4.266000,0.834000,1.336000,0.949000,1.245000,3.692000,123.024000
2022-02-17,4.276000,0.830000,1.332000,0.942000,1.255000,3.726000,123.035000
2022-02-18,4.300000,0.850000,1.314000,0.933000,1.252000,3.760000,122.957000
2022-02-21,4.283000,0.850000,1.309000,0.931000,1.241000,3.754000,122.675000
2022-02-22,4.223000,0.843000,1.281000,0.893000,1.231000,3.801000,122.606000
2022-02-23,4.271000,0.838000,1.287000,0.908000,1.279000,3.772000,122.739000
2022-02-24,4.186000,0.820000,1.233000,0.857000,1.266000,3.853000,122.783000
2022-02-25,4.221000,0.817000,1.267000,0.894000,1.290000,3.807000,122.860000
2022-02-28,4.227000,0.818000,1.277000,0.896000,1.297000,3.787000,122.903000
2022-03-01,4.265000,0.827000,1.303000,0.919000,1.290000,3.786000,122.684000
2022-03-02,4.230000,0.834000,1.283000,0.905000,1.281000,3.837000,122.627000
2022-03-03,4.201000,0.843000,1.306000,0.920000,1.260000,3.827000,122.633000
2022-03-04,4.150000,0.836000,1.294000,0.902000,1.254000,3.841000,122.573000
2022-03-07,4.002000,0.832000,1.277000,0.881000,1.217000,3.926000,122.838000
2022-03-08,3.920000,0.806000,1.237000,0.852000,1.183000,4.015000,122.965000
2022-03-09,3.880000,0.796000,1.250000,0.862000,1.184000,4.061000,122.690000
2022-03-10,3.940000,0.804000,1.273000,0.884000,1.201000,3.931000,122.742000
2022-03-11,3.968000,0.806000,1.272000,0.879000,1.212000,3.937000,122.969000
2022-03-14,3.828000,0.792000,1.269000,0.868000,1.174000,3.917000,123.330000
2022-03-15,3.629000,0.747000,1.252000,0.851000,1.142000,3.832000,122.864000
2022-03-16,3.802000,0.763000,1.285000,0.883000,1.172000,3.796000,122.800000
2022-03-17,3.886000,0.773000,1.310000,0.910000,1.189000,3.845000,122.824000
2022-03-18,3.914000,0.796000,1.319000,0.910000,1.190000,3.851000,122.995000
2022-03-21,3.908000,0.792000,1.338000,0.930000,1.200000,3.841000,122.945000
2022-03-22,3.904000,0.804000,1.339000,0.932000,1.181000,3.866000,122.800000
2022-03-23,3.929000,0.805000,1.361000,0.955000,1.191000,3.835000,122.841000
2022-03-24,3.902000,0.803000,1.344000,0.946000,1.182000,3.880000,122.945000
2022-03-25,3.825000,0.803000,1.365000,0.963000,1.153000,3.907000,123.050000
2022-03-28,3.800000,0.823000,1.368000,0.958000,1.136000,3.872000,123.055000
2022-03-29,3.782000,0.819000,1.368000,0.978000,1.125000,3.849000,122.997000
2022-03-30,3.905000,0.827000,1.390000,0.990000,1.158000,3.839000,122.967000
2022-03-31,3.874000,0.842000,1.387000,0.983000,1.137000,3.833000,122.866000
2022-04-01,3.925000,0.855000,1.371000,0.973000,1.135000,3.853000,123.024000
2022-04-06,3.913000,0.869000,1.371000,0.967000,1.103000,3.836000,123.140000
2022-04-07,3.861000,0.852000,1.352000,0.947000,1.081000,3.843000,123.285000
2022-04-08,3.889000,0.866000,1.365000,0.953000,1.072000,3.852000,123.456000
2022-04-11,3.757000,0.859000,1.353000,0.929000,1.032000,3.886000,123.200000
2022-04-12,3.827000,0.851000,1.327000,0.911000,1.038000,3.908000,123.247000
2022-04-13,3.795000,0.849000,1.338000,0.917000,1.006000,3.926000,123.284000
2022-04-14,3.839000,0.862000,1.347000,0.931000,1.017000,3.931000,123.485000
2022-04-15,3.837000,0.858000,1.334000,0.905000,1.017000,3.944000,123.373000
2022-04-18,3.817000,0.844000,1.324000,0.900000,1.047000,3.967000,123.225000
2022-04-19,3.790000,0.853000,1.334000,0.913000,1.030000,3.936000,123.274000
2022-04-20,3.720000,0.835000,1.355000,0.924000,1.013000,3.886000,123.310000
2022-04-21,3.652000,0.819000,1.372000,0.928000,1.001000,3.937000,123.200000
2022-04-22,3.662000,0.832000,1.354000,0.911000,0.983000,3.951000,123.168000
2022-04-25,3.469000,0.799000,1.310000,0.883000,0.924000,3.924000,123.175000
2022-04-26,3.439000,0.799000,1.334000,0.904000,0.909000,3.890000,123.247000
2022-04-27,3.545000,0.803000,1.302000,0.881000,0.945000,3.892000,123.206000
2022-04-28,3.571000,0.820000,1.319000,0.893000,0.941000,3.890000,123.138000
2022-04-29,3.671000,0.833000,1.340000,0.905000,0.986000,3.942000,123.269000
2022-05-05,3.656000,0.833000,1.341000,0.913000,0.994000,3.929000,123.270000
2022-05-06,3.559000,0.811000,1.309000,0.878000,0.984000,3.922000,123.175000
2022-05-09,3.527000,0.815000,1.302000,0.866000,0.987000,3.939000,123.257000
2022-05-10,3.572000,0.823000,1.278000,0.855000,1.014000,3.910000,123.519000
2022-05-11,3.627000,0.824000,1.277000,0.859000,1.045000,3.890000,123.422000
2022-05-12,3.607000,0.822000,1.255000,0.830000,1.056000,3.928000,123.490000
2022-05-13,3.638000,0.837000,1.275000,0.844000,1.055000,3.888000,123.598000
2022-05-16,3.607000,0.844000,1.281000,0.855000,1.038000,3.851000,123.583000
2022-05-17,3.656000,0.836000,1.287000,0.859000,1.052000,3.877000,123.732000
2022-05-18,3.642000,0.832000,1.299000,0.864000,1.057000,3.836000,123.930000
2022-05-19,3.651000,0.837000,1.251000,0.828000,1.080000,3.850000,123.826000
2022-05-20,3.735000,0.840000,1.243000,0.833000,1.089000,3.872000,123.757000
2022-05-23,3.703000,0.834000,1.247000,0.837000,1.089000,3.875000,123.812000
2022-05-24,3.621000,0.819000,1.237000,0.813000,1.041000,3.882000,123.874000
2022-05-25,3.638000,0.832000,1.248000,0.818000,1.049000,3.887000,123.974000
2022-05-26,3.648000,0.841000,1.259000,0.822000,1.048000,3.901000,124.206000
2022-05-27,3.658000,0.845000,1.287000,0.848000,1.036000,3.917000,123.990000
2022-05-30,3.681000,0.846000,1.309000,0.875000,1.044000,3.885000,123.840000
2022-05-31,3.745000,0.844000,1.304000,0.868000,1.078000,3.877000,123.721000
2022-06-01,3.739000,0.845000,1.307000,0.868000,1.078000,3.852000,123.685000
2022-06-02,3.750000,0.839000,1.292000,0.860000,1.126000,3.877000,123.664000
2022-06-06,3.832000,0.838000,1.296000,0.861000,1.169000,3.869000,123.705000
2022-06-07,3.838000,0.839000,1.289000,0.854000,1.160000,3.854000,123.699000
2022-06-08,3.880000,0.844000,1.305000,0.866000,1.158000,3.872000,123.669000
2022-06-09,3.846000,0.847000,1.294000,0.861000,1.128000,3.881000,123.690000
2022-06-10,3.904000,0.849000,1.271000,0.847000,1.149000,3.865000,123.644000
2022-06-13,3.852000,0.835000,1.218000,0.804000,1.134000,3.926000,123.638000
2022-06-14,3.892000,0.846000,1.205000,0.799000,1.117000,3.855000,123.577000
2022-06-15,3.941000,0.852000,1.192000,0.803000,1.111000,3.834000,123.520000
2022-06-16,3.914000,0.839000,1.188000,0.798000,1.126000,3.846000,123.515000
2022-06-17,3.977000,0.836000,1.169000,0.791000,1.143000,3.874000,123.620000
2022-06-20,3.998000,0.833000,1.167000,0.796000,1.143000,3.858000,123.604000
2022-06-21,3.996000,0.836000,1.181000,0.805000,1.131000,3.852000,123.587000
2022-06-22,3.946000,0.825000,1.182000,0.802000,1.110000,3.849000,123.682000
2022-06-23,4.021000,0.828000,1.190000,0.815000,1.132000,3.854000,123.682000
2022-06-24,4.069000,0.825000,1.209000,0.824000,1.152000,3.827000,123.689000
2022-06-27,4.117000,0.835000,1.235000,0.837000,1.152000,3.853000,123.497000
2022-06-28,4.169000,0.839000,1.237000,0.828000,1.168000,3.832000,123.512000
2022-06-29,4.114000,0.845000,1.208000,0.806000,1.140000,3.821000,123.611000
2022-06-30,4.164000,0.848000,1.195000,0.801000,1.155000,3.818000,123.615000
2022-07-01,4.149000,0.848000,1.191000,0.799000,1.142000,3.784000,123.797000
2022-07-04,4.177000,0.847000,1.206000,0.802000,1.142000,3.801000,123.576000
2022-07-05,4.167000,0.850000,1.216000,0.814000,1.139000,3.797000,123.458000
2022-07-06,4.108000,0.832000,1.210000,0.819000,1.150000,3.725000,123.495000
2022-07-07,4.124000,0.834000,1.221000,0.829000,1.161000,3.676000,123.503000
2022-07-08,4.120000,0.834000,1.230000,0.835000,1.153000,3.669000,123.446000
2022-07-11,4.044000,0.829000,1.223000,0.828000,1.129000,3.669000,123.491000
2022-07-12,4.008000,0.836000,1.217000,0.816000,1.096000,3.668000,123.567000
2022-07-13,4.015000,0.836000,1.217000,0.821000,1.099000,3.646000,123.643000
2022-07-14,4.016000,0.822000,1.204000,0.812000,1.125000,3.647000,123.742000
2022-07-15,3.951000,0.810000,1.209000,0.821000,1.121000,3.622000,123.918000
2022-07-18,3.997000,0.826000,1.237000,0.841000,1.119000,3.635000,123.829000
2022-07-19,3.975000,0.827000,1.222000,0.829000,1.110000,3.627000,123.781000
2022-07-20,3.987000,0.831000,1.259000,0.856000,1.128000,3.628000,123.832000
2022-07-21,3.942000,0.818000,1.262000,0.861000,1.142000,3.599000,123.905000
2022-07-22,3.945000,0.815000,1.271000,0.867000,1.133000,3.650000,123.998000
2022-07-25,3.927000,0.816000,1.260000,0.854000,1.124000,3.663000,124.019000
2022-07-26,3.956000,0.825000,1.259000,0.849000,1.133000,3.668000,124.147000
2022-07-27,3.932000,0.822000,1.263000,0.849000,1.147000,3.659000,124.156000
2022-07-28,3.935000,0.824000,1.277000,0.864000,1.161000,3.697000,124.130000
2022-07-29,3.876000,0.817000,1.304000,0.888000,1.139000,3.749000,124.389000
2022-08-01,3.894000,0.817000,1.310000,0.886000,1.154000,3.743000,124.584000
2022-08-02,3.823000,0.801000,1.306000,0.886000,1.149000,3.773000,124.767000
2022-08-03,3.778000,0.790000,1.306000,0.886000,1.152000,3.759000,124.723000
2022-08-04,3.809000,0.795000,1.319000,0.911000,1.167000,3.760000,124.875000
2022-08-05,3.874000,0.799000,1.324000,0.915000,1.216000,3.790000,124.685000
2022-08-08,3.860000,0.807000,1.328000,0.912000,1.206000,3.769000,124.710000
2022-08-09,3.867000,0.811000,1.321000,0.905000,1.218000,3.786000,124.624000
2022-08-10,3.822000,0.808000,1.313000,0.892000,1.208000,3.794000,124.677000
2022-08-11,3.910000,0.816000,1.342000,0.923000,1.229000,3.777000,124.642000
2022-08-12,3.911000,0.823000,1.342000,0.914000,1.201000,3.795000,124.645000
2022-08-15,3.901000,0.823000,1.361000,0.931000,1.195000,3.799000,125.095000
2022-08-16,3.891000,0.825000,1.373000,0.942000,1.190000,3.796000,125.274000
2022-08-17,3.932000,0.827000,1.374000,0.939000,1.186000,3.779000,125.304000
2022-08-18,3.895000,0.821000,1.365000,0.926000,1.200000,3.761000,125.390000
2022-08-19,3.865000,0.829000,1.367000,0.928000,1.161000,3.761000,125.479000
2022-08-22,3.892000,0.833000,1.353000,0.912000,1.158000,3.753000,125.485000
2022-08-23,3.878000,0.835000,1.335000,0.895000,1.159000,3.763000,125.395000
2022-08-24,3.801000,0.828000,1.335000,0.898000,1.119000,3.787000,125.365000
2022-08-25,3.837000,0.844000,1.351000,0.910000,1.106000,3.797000,125.281000
2022-08-26,3.831000,0.844000,1.358000,0.915000,1.095000,3.798000,125.222000
2022-08-29,3.806000,0.850000,1.314000,0.879000,1.102000,3.767000,125.230000
2022-08-30,3.797000,0.852000,1.318000,0.883000,1.098000,3.783000,125.346000
2022-08-31,3.797000,0.847000,1.305000,0.875000,1.077000,3.758000,125.398000
2022-09-01,3.763000,0.854000,1.282000,0.854000,1.076000,3.730000,125.411000
2022-09-02,3.740000,0.854000,1.295000,0.863000,1.079000,3.726000,125.565000
2022-09-05,3.738000,0.869000,1.291000,0.856000,1.074000,3.765000,125.619000
2022-09-06,3.767000,0.880000,1.291000,0.862000,1.087000,3.784000,125.575000
2022-09-07,3.775000,0.882000,1.281000,0.853000,1.102000,3.759000,125.581000
2022-09-08,3.757000,0.883000,1.304000,0.870000,1.092000,3.790000,125.533000
2022-09-09,3.815000,0.894000,1.312000,0.873000,1.083000,3.785000,125.422000
2022-09-13,3.829000,0.889000,1.345000,0.898000,1.078000,3.787000,125.316000
2022-09-14,3.783000,0.880000,1.290000,0.856000,1.080000,3.760000,125.203000
2022-09-15,3.746000,0.889000,1.291000,0.858000,1.046000,3.744000,125.198000
2022-09-16,3.656000,0.861000,1.270000,0.841000,1.045000,3.728000,125.083000
2022-09-19,3.645000,0.860000,1.267000,0.840000,1.021000,3.741000,125.098000
2022-09-20,3.647000,0.855000,1.284000,0.855000,1.028000,3.754000,125.242000
2022-09-21,3.617000,0.864000,1.267000,0.850000,1.016000,3.759000,125.268000
2022-09-22,3.588000,0.860000,1.245000,0.834000,1.021000,3.753000,125.265000
2022-09-23,3.580000,0.852000,1.238000,0.829000,1.006000,3.770000,125.138000
2022-09-26,3.555000,0.838000,1.216000,0.816000,1.004000,3.736000,124.836000
2022-09-27,3.605000,0.845000,1.231000,0.831000,1.019000,3.746000,124.838000
2022-09-28,3.549000,0.840000,1.216000,0.820000,0.999000,3.751000,124.795000
2022-09-29,3.550000,0.832000,1.238000,0.833000,1.004000,3.780000,124.574000
2022-09-30,3.524000,0.835000,1.215000,0.812000,0.981000,3.783000,124.670000
2022-10-10,3.445000,0.842000,1.207000,0.792000,0.937000,3.810000,124.880000
2022-10-11,3.442000,0.838000,1.205000,0.792000,0.932000,3.802000,125.049000
2022-10-12,3.504000,0.845000,1.212000,0.797000,0.967000,3.812000,124.961000
2022-10-13,3.471000,0.846000,1.202000,0.790000,0.969000,3.817000,125.048000
2022-10-14,3.559000,0.847000,1.240000,0.811000,0.998000,3.813000,125.340000
2022-10-17,3.558000,0.843000,1.216000,0.793000,1.005000,3.792000,125.155000
2022-10-18,3.551000,0.841000,1.256000,0.824000,1.002000,3.802000,125.136000
2022-10-19,3.492000,0.836000,1.253000,0.821000,0.993000,3.793000,125.229000
2022-10-20,3.480000,0.830000,1.242000,0.812000,1.006000,3.775000,125.139000
2022-10-21,3.458000,0.833000,1.232000,0.810000,1.012000,3.771000,125.154000
2022-10-24,3.360000,0.815000,1.264000,0.833000,1.012000,3.820000,125.265000
2022-10-25,3.344000,0.809000,1.288000,0.848000,1.016000,3.827000,125.187000
2022-10-26,3.372000,0.803000,1.286000,0.842000,1.051000,3.824000,125.193000
2022-10-27,3.346000,0.806000,1.298000,0.837000,1.048000,3.817000,125.284000
2022-10-28,3.260000,0.792000,1.275000,0.811000,1.038000,3.820000,125.465000
2022-10-31,3.221000,0.772000,1.320000,0.849000,1.060000,3.807000,125.558000
2022-11-01,3.359000,0.780000,1.325000,0.851000,1.071000,3.810000,125.427000
2022-11-02,3.393000,0.791000,1.313000,0.838000,1.084000,3.817000,125.310000
2022-11-03,3.363000,0.785000,1.288000,0.813000,1.096000,3.805000,125.427000
2022-11-04,3.490000,0.795000,1.275000,0.814000,1.121000,3.804000,125.303000
2022-11-07,3.490000,0.802000,1.284000,0.815000,1.108000,3.832000,125.302000
2022-11-08,3.467000,0.800000,1.297000,0.816000,1.098000,3.839000,125.331000
2022-11-09,3.427000,0.801000,1.302000,0.818000,1.085000,3.945000,125.400000
2022-11-10,3.406000,0.801000,1.283000,0.808000,1.067000,3.925000,125.309000
2022-11-11,3.504000,0.824000,1.339000,0.854000,1.069000,3.952000,125.057000
2022-11-14,3.506000,0.818000,1.324000,0.848000,1.071000,3.913000,124.711000
2022-11-15,3.581000,0.824000,1.326000,0.855000,1.100000,3.933000,124.570000
2022-11-16,3.552000,0.821000,1.336000,0.861000,1.081000,3.954000,124.371000
2022-11-17,3.535000,0.819000,1.335000,0.856000,1.088000,3.958000,124.530000
2022-11-18,3.522000,0.816000,1.326000,0.853000,1.076000,3.952000,124.460000
2022-11-21,3.489000,0.810000,1.336000,0.850000,1.079000,3.936000,124.699000
2022-11-22,3.487000,0.819000,1.333000,0.843000,1.061000,3.932000,124.753000
2022-11-23,3.490000,0.827000,1.351000,0.853000,1.063000,3.932000,124.973000
2022-11-24,3.472000,0.829000,1.361000,0.863000,1.060000,3.947000,125.133000
2022-11-25,3.493000,0.849000,1.367000,0.865000,1.045000,3.959000,124.890000
2022-11-28,3.448000,0.840000,1.361000,0.854000,1.038000,3.962000,124.653000
2022-11-29,3.564000,0.864000,1.346000,0.852000,1.048000,3.951000,124.304000
2022-11-30,3.567000,0.864000,1.337000,0.842000,1.041000,3.944000,124.398000
2022-12-01,3.612000,0.858000,1.363000,0.868000,1.054000,3.956000,124.472000
2022-12-02,3.589000,0.851000,1.358000,0.863000,1.054000,3.979000,124.511000
2022-12-05,3.660000,0.866000,1.337000,0.854000,1.051000,3.940000,124.454000
2022-12-06,3.683000,0.861000,1.316000,0.844000,1.049000,3.898000,124.321000
2022-12-07,3.671000,0.856000,1.298000,0.835000,1.046000,3.898000,124.245000
2022-12-08,3.680000,0.861000,1.295000,0.832000,1.044000,3.910000,124.431000
2022-12-09,3.714000,0.857000,1.305000,0.833000,1.044000,3.924000,124.321000
2022-12-12,3.672000,0.840000,1.294000,0.825000,1.048000,3.921000,124.342000
2022-12-13,3.661000,0.843000,1.314000,0.838000,1.031000,3.924000,124.045000
2022-12-14,3.671000,0.839000,1.325000,0.848000,1.026000,3.963000,124.310000
2022-12-15,3.669000,0.832000,1.313000,0.835000,1.033000,3.933000,124.391000
2022-12-16,3.673000,0.838000,1.284000,0.816000,1.020000,3.915000,124.359000
2022-12-19,3.615000,0.826000,1.270000,0.813000,0.996000,3.942000,124.547000
2022-12-20,3.552000,0.818000,1.251000,0.802000,0.994000,3.943000,124.559000
2022-12-21,3.549000,0.818000,1.266000,0.809000,0.981000,3.981000,124.489000
2022-12-22,3.557000,0.814000,1.281000,0.811000,0.971000,3.981000,124.530000
2022-12-23,3.547000,0.809000,1.266000,0.801000,0.962000,3.948000,124.568000
2022-12-26,3.556000,0.809000,1.270000,0.802000,0.992000,3.953000,124.517000
2022-12-27,3.603000,0.819000,1.274000,0.808000,1.004000,3.963000,124.531000
2022-12-28,3.590000,0.818000,1.260000,0.799000,0.998000,3.966000,124.716000
2022-12-29,3.578000,0.814000,1.244000,0.795000,1.004000,3.960000,124.787000
2022-12-30,3.594000,0.818000,1.255000,0.799000,1.003000,3.986000,124.994000
2023-01-03,3.605000,0.822000,1.250000,0.806000,1.023000,3.987000,124.957000
2023-01-04,3.610000,0.827000,1.245000,0.804000,1.016000,4.002000,125.178000
2023-01-05,3.685000,0.826000,1.246000,0.805000,1.026000,4.001000,125.111000
2023-01-06,3.701000,0.827000,1.238000,0.799000,1.032000,3.972000,124.847000
2023-01-09,3.726000,0.826000,1.254000,0.809000,1.032000,4.015000,124.850000
2023-01-10,3.732000,0.820000,1.248000,0.805000,1.032000,4.013000,124.775000
2023-01-11,3.732000,0.824000,1.256000,0.810000,1.014000,4.025000,124.640000
2023-01-12,3.738000,0.822000,1.264000,0.818000,1.016000,4.019000,124.675000
2023-01-13,3.800000,0.831000,1.261000,0.815000,1.017000,4.027000,124.703000
2023-01-16,3.863000,0.832000,1.262000,0.815000,1.035000,4.050000,124.600000
2023-01-17,3.859000,0.830000,1.267000,0.820000,1.045000,4.066000,124.609000
2023-01-18,3.850000,0.834000,1.273000,0.821000,1.050000,4.056000,124.590000
2023-01-19,3.878000,0.837000,1.248000,0.810000,1.068000,4.068000,124.619000
2023-01-20,3.901000,0.845000,1.250000,0.815000,1.073000,4.101000,124.744000
2023-01-30,3.925000,0.840000,1.284000,0.844000,1.074000,4.096000,124.744000
2023-01-31,3.879000,0.844000,1.273000,0.832000,1.058000,4.069000,124.728000
2023-02-01,3.910000,0.849000,1.290000,0.847000,1.071000,4.091000,124.777000
2023-02-02,3.900000,0.848000,1.303000,0.862000,1.075000,4.125000,124.862000
2023-02-03,3.857000,0.843000,1.314000,0.870000,1.078000,4.071000,124.908000
2023-02-06,3.800000,0.840000,1.309000,0.865000,1.068000,4.018000,124.846000
2023-02-07,3.810000,0.843000,1.311000,0.866000,1.063000,4.010000,124.865000
2023-02-08,3.793000,0.840000,1.325000,0.882000,1.054000,4.010000,124.908000
2023-02-09,3.847000,0.847000,1.320000,0.873000,1.082000,4.019000,124.918000
2023-02-10,3.823000,0.851000,1.302000,0.860000,1.068000,3.993000,124.969000
2023-02-13,3.855000,0.854000,1.309000,0.859000,1.069000,4.018000,124.979000
2023-02-14,3.864000,0.857000,1.326000,0.871000,1.065000,4.015000,124.983000
2023-02-15,3.836000,0.855000,1.323000,0.873000,1.067000,4.002000,124.989000
2023-02-16,3.807000,0.852000,1.338000,0.890000,1.049000,4.001000,124.977000
2023-02-17,3.749000,0.849000,1.316000,0.865000,1.029000,3.992000,124.992000
2023-02-20,3.854000,0.867000,1.317000,0.868000,1.042000,4.010000,124.898000
2023-02-21,3.859000,0.876000,1.313000,0.866000,1.038000,4.005000,124.857000
2023-02-22,3.819000,0.878000,1.298000,0.850000,1.032000,4.017000,124.882000
2023-02-23,3.819000,0.874000,1.300000,0.857000,1.035000,4.008000,124.880000
2023-02-24,3.780000,0.875000,1.307000,0.860000,1.033000,4.021000,124.883000
2023-02-27,3.765000,0.871000,1.301000,0.852000,1.028000,4.010000,124.862000
2023-02-28,3.791000,0.875000,1.301000,0.855000,1.033000,4.015000,124.844000
2023-03-01,3.840000,0.880000,1.291000,0.852000,1.038000,4.029000,124.853000
2023-03-02,3.835000,0.888000,1.278000,0.840000,1.032000,4.026000,124.881000
2023-03-03,3.844000,0.895000,1.292000,0.849000,1.043000,4.044000,124.864000
2023-03-06,3.819000,0.895000,1.316000,0.871000,1.053000,4.071000,124.953000
2023-03-07,3.762000,0.892000,1.320000,0.872000,1.034000,4.076000,125.053000
2023-03-08,3.746000,0.890000,1.304000,0.864000,1.038000,4.033000,125.122000
2023-03-09,3.736000,0.889000,1.307000,0.868000,1.041000,4.033000,125.141000
2023-03-10,3.681000,0.871000,1.275000,0.848000,1.037000,4.061000,125.190000
2023-03-13,3.725000,0.883000,1.277000,0.854000,1.040000,4.089000,125.185000
2023-03-14,3.700000,0.879000,1.251000,0.841000,1.055000,4.142000,125.228000
2023-03-15,3.699000,0.893000,1.272000,0.859000,1.048000,4.139000,125.197000
2023-03-16,3.653000,0.886000,1.264000,0.863000,1.032000,4.174000,125.256000
2023-03-17,3.674000,0.900000,1.281000,0.884000,1.056000,4.198000,125.326000
2023-03-20,3.652000,0.894000,1.259000,0.873000,1.068000,4.327000,125.411000
2023-03-21,3.695000,0.892000,1.281000,0.882000,1.070000,4.286000,125.349000
2023-03-22,3.713000,0.897000,1.295000,0.895000,1.074000,4.223000,125.343000
2023-03-23,3.751000,0.897000,1.274000,0.884000,1.099000,4.253000,125.317000
2023-03-24,3.746000,0.890000,1.276000,0.891000,1.104000,4.275000,125.263000
2023-03-27,3.725000,0.883000,1.292000,0.899000,1.098000,4.246000,125.273000
2023-03-28,3.717000,0.886000,1.291000,0.893000,1.080000,4.225000,125.297000
2023-03-29,3.717000,0.881000,1.296000,0.893000,1.103000,4.240000,125.325000
2023-03-30,3.760000,0.883000,1.305000,0.903000,1.108000,4.248000,125.360000
2023-03-31,3.770000,0.887000,1.308000,0.908000,1.124000,4.281000,125.370000
2023-04-03,3.800000,0.896000,1.326000,0.920000,1.169000,4.221000,125.360000
2023-04-04,3.820000,0.902000,1.334000,0.922000,1.172000,4.269000,125.404000
2023-04-06,3.808000,0.896000,1.321000,0.906000,1.193000,4.330000,125.444000
2023-04-07,3.837000,0.893000,1.326000,0.914000,1.207000,4.328000,125.477000
2023-04-10,3.822000,0.892000,1.325000,0.910000,1.172000,4.287000,125.587000
2023-04-11,3.812000,0.904000,1.332000,0.915000,1.165000,4.311000,125.632000
2023-04-12,3.808000,0.922000,1.330000,0.908000,1.173000,4.341000,125.665000
2023-04-13,3.783000,0.923000,1.325000,0.902000,1.143000,4.346000,125.636000
2023-04-14,3.804000,0.919000,1.332000,0.910000,1.182000,4.366000,125.601000
2023-04-17,3.865000,0.929000,1.339000,0.914000,1.186000,4.324000,125.573000
2023-04-18,3.872000,0.932000,1.341000,0.914000,1.172000,4.305000,125.626000
2023-04-19,3.839000,0.934000,1.341000,0.912000,1.178000,4.297000,125.702000
2023-04-20,3.823000,0.941000,1.340000,0.912000,1.211000,4.308000,125.682000
2023-04-21,3.750000,0.928000,1.336000,0.908000,1.164000,4.288000,125.741000
2023-04-24,3.699000,0.930000,1.334000,0.906000,1.142000,4.277000,125.774000
2023-04-25,3.680000,0.936000,1.339000,0.906000,1.120000,4.316000,125.784000
2023-04-26,3.671000,0.938000,1.330000,0.904000,1.116000,4.323000,125.785000
2023-04-27,3.706000,0.940000,1.323000,0.905000,1.112000,4.333000,125.968000
2023-04-28,3.745000,0.960000,1.343000,0.923000,1.133000,4.298000,126.025000
2023-05-04,3.745000,0.989000,1.331000,0.918000,1.109000,4.395000,126.137000
2023-05-05,3.729000,0.984000,1.326000,0.916000,1.093000,4.415000,126.369000
2023-05-08,3.774000,1.011000,1.344000,0.930000,1.102000,4.368000,126.305000
2023-05-09,3.739000,0.998000,1.345000,0.930000,1.078000,4.377000,126.353000
2023-05-10,3.708000,0.973000,1.345000,0.930000,1.069000,4.398000,126.523000
2023-05-11,3.703000,0.980000,1.352000,0.942000,1.070000,4.394000,126.701000
2023-05-12,3.652000,0.963000,1.353000,0.946000,1.056000,4.365000,126.630000
2023-05-15,3.715000,0.959000,1.353000,0.944000,1.067000,4.382000,126.700000
2023-05-16,3.698000,0.947000,1.352000,0.947000,1.068000,4.369000,126.630000
2023-05-17,3.671000,0.946000,1.355000,0.953000,1.072000,4.353000,126.618000
2023-05-18,3.670000,0.956000,1.373000,0.968000,1.078000,4.345000,126.578000
2023-05-19,3.664000,0.941000,1.394000,0.990000,1.084000,4.330000,126.664000
2023-05-22,3.684000,0.939000,1.388000,0.984000,1.075000,4.347000,126.825000
2023-05-23,3.627000,0.926000,1.394000,0.992000,1.060000,4.330000,127.150000
2023-05-24,3.574000,0.913000,1.381000,0.977000,1.055000,4.352000,127.073000
2023-05-25,3.565000,0.907000,1.380000,0.993000,1.065000,4.335000,126.910000
2023-05-26,3.570000,0.922000,1.379000,0.996000,1.082000,4.310000,126.904000
2023-05-29,3.554000,0.924000,1.407000,1.032000,1.072000,4.314000,126.934000
2023-05-30,3.558000,0.931000,1.413000,1.035000,1.090000,4.300000,127.040000
2023-05-31,3.522000,0.923000,1.402000,1.031000,1.097000,4.365000,127.108000
2023-06-01,3.530000,0.927000,1.404000,1.030000,1.100000,4.362000,127.216000
2023-06-02,3.583000,0.927000,1.412000,1.043000,1.100000,4.375000,127.038000
2023-06-05,3.565000,0.939000,1.438000,1.048000,1.096000,4.324000,127.169000
2023-06-06,3.528000,0.931000,1.433000,1.049000,1.067000,4.357000,127.218000
2023-06-07,3.516000,0.941000,1.440000,1.052000,1.065000,4.363000,127.343000
2023-06-08,3.548000,0.946000,1.433000,1.030000,1.053000,4.338000,127.283000
2023-06-09,3.564000,0.949000,1.441000,1.047000,1.077000,4.375000,127.360000
2023-06-12,3.568000,0.940000,1.453000,1.059000,1.071000,4.378000,127.434000
2023-06-13,3.597000,0.938000,1.471000,1.085000,1.084000,4.388000,127.580000
2023-06-14,3.597000,0.931000,1.476000,1.086000,1.080000,4.363000,127.675000
2023-06-15,3.662000,0.933000,1.472000,1.091000,1.080000,4.329000,127.327000
2023-06-16,3.699000,0.933000,1.484000,1.100000,1.098000,4.359000,127.048000
2023-06-19,3.669000,0.918000,1.484000,1.096000,1.100000,4.366000,127.086000
2023-06-20,3.662000,0.912000,1.487000,1.095000,1.101000,4.374000,127.112000
2023-06-21,3.607000,0.906000,1.487000,1.100000,1.066000,4.356000,127.250000
2023-06-26,3.563000,0.887000,1.482000,1.091000,1.057000,4.354000,127.329000
2023-06-27,3.589000,0.905000,1.474000,1.076000,1.060000,4.350000,127.253000
2023-06-28,3.597000,0.909000,1.489000,1.090000,1.055000,4.335000,127.275000
2023-06-29,3.579000,0.906000,1.496000,1.099000,1.047000,4.343000,127.241000
2023-06-30,3.602000,0.911000,1.503000,1.100000,1.052000,4.349000,127.419000
2023-07-03,3.647000,0.922000,1.522000,1.118000,1.055000,4.358000,127.479000
2023-07-04,3.654000,0.921000,1.516000,1.112000,1.061000,4.364000,127.457000
2023-07-05,3.627000,0.919000,1.515000,1.110000,1.051000,4.367000,127.646000
2023-07-06,3.599000,0.916000,1.512000,1.111000,1.048000,4.365000,127.689000
2023-07-07,3.588000,0.918000,1.502000,1.106000,1.037000,4.359000,127.702000
2023-07-10,3.604000,0.920000,1.492000,1.095000,1.039000,4.370000,127.694000
2023-07-11,3.630000,0.921000,1.499000,1.101000,1.046000,4.374000,127.710000
2023-07-12,3.611000,0.922000,1.506000,1.102000,1.030000,4.371000,127.707000
2023-07-13,3.674000,0.933000,1.516000,1.118000,1.039000,4.408000,127.689000
2023-07-14,3.672000,0.937000,1.513000,1.126000,1.036000,4.388000,127.648000
2023-07-17,3.644000,0.930000,1.521000,1.132000,1.028000,4.406000,127.740000
2023-07-18,3.638000,0.928000,1.528000,1.142000,1.025000,4.422000,127.822000
2023-07-19,3.636000,0.935000,1.552000,1.163000,1.019000,4.473000,127.856000
2023-07-20,3.608000,0.929000,1.541000,1.147000,1.007000,4.470000,127.853000
2023-07-21,3.610000,0.928000,1.536000,1.128000,1.000000,4.453000,127.986000
2023-07-24,3.593000,0.930000,1.541000,1.132000,0.995000,4.442000,128.022000
2023-07-25,3.705000,0.947000,1.538000,1.128000,1.009000,4.420000,127.691000
2023-07-26,3.696000,0.945000,1.541000,1.131000,1.006000,4.439000,127.715000
2023-07-27,3.692000,0.947000,1.545000,1.141000,0.997000,4.448000,127.827000
2023-07-28,3.788000,0.963000,1.534000,1.134000,1.007000,4.404000,127.736000
2023-07-31,3.804000,0.969000,1.539000,1.149000,1.015000,4.409000,127.617000
2023-08-01,3.786000,0.969000,1.549000,1.153000,1.014000,4.426000,127.711000
2023-08-02,3.757000,0.959000,1.537000,1.137000,1.012000,4.425000,127.716000
2023-08-03,3.793000,0.961000,1.523000,1.118000,1.015000,4.406000,127.773000
2023-08-04,3.814000,0.962000,1.526000,1.128000,1.021000,4.401000,127.817000
2023-08-07,3.783000,0.953000,1.518000,1.118000,1.014000,4.410000,127.873000
2023-08-08,3.768000,0.957000,1.529000,1.120000,1.010000,4.414000,127.900000
2023-08-09,3.760000,0.950000,1.529000,1.119000,1.001000,4.411000,127.925000
2023-08-10,3.765000,0.950000,1.521000,1.109000,1.003000,4.396000,127.874000
2023-08-11,3.670000,0.940000,1.522000,1.110000,0.983000,4.415000,127.912000
2023-08-14,3.643000,0.938000,1.525000,1.103000,0.974000,4.421000,127.978000
2023-08-15,3.639000,0.944000,1.541000,1.124000,0.960000,4.431000,128.251000
2023-08-16,3.609000,0.939000,1.524000,1.112000,0.944000,4.433000,128.322000
2023-08-17,3.622000,0.938000,1.515000,1.104000,0.954000,4.429000,128.280000
2023-08-18,3.572000,0.936000,1.497000,1.083000,0.950000,4.421000,128.347000
2023-08-21,3.520000,0.929000,1.503000,1.086000,0.936000,4.438000,128.468000
2023-08-22,3.543000,0.942000,1.509000,1.104000,0.946000,4.431000,128.394000
2023-08-23,3.488000,0.939000,1.510000,1.104000,0.922000,4.452000,128.381000
2023-08-24,3.511000,0.935000,1.532000,1.134000,0.929000,4.464000,128.350000
2023-08-25,3.504000,0.934000,1.501000,1.091000,0.912000,4.448000,128.287000
2023-08-28,3.557000,0.945000,1.515000,1.105000,0.922000,4.450000,128.122000
2023-08-29,3.579000,0.946000,1.524000,1.111000,0.970000,4.462000,127.960000
2023-08-30,3.578000,0.937000,1.545000,1.135000,0.988000,4.477000,128.213000
2023-08-31,3.559000,0.932000,1.553000,1.140000,0.987000,4.494000,128.239000
2023-09-01,3.582000,0.937000,1.544000,1.139000,0.980000,4.489000,128.098000
2023-09-04,3.640000,0.956000,1.547000,1.142000,0.989000,4.506000,127.778000
2023-09-05,3.613000,0.947000,1.548000,1.141000,0.975000,4.508000,127.873000
2023-09-06,3.603000,0.943000,1.548000,1.143000,0.979000,4.505000,127.773000
2023-09-07,3.550000,0.942000,1.535000,1.134000,0.942000,4.504000,127.612000
2023-09-08,3.529000,0.938000,1.544000,1.141000,0.944000,4.536000,127.717000
2023-09-11,3.557000,0.944000,1.536000,1.134000,0.951000,4.545000,127.717000
2023-09-12,3.552000,0.942000,1.541000,1.141000,0.945000,4.546000,127.740000
2023-09-13,3.527000,0.943000,1.530000,1.128000,0.932000,4.557000,127.874000
2023-09-14,3.524000,0.949000,1.537000,1.136000,0.925000,4.592000,127.941000
2023-09-15,3.507000,0.950000,1.548000,1.142000,0.929000,4.548000,127.875000
2023-09-18,3.520000,0.950000,1.531000,1.124000,0.923000,4.524000,127.733000
2023-09-19,3.515000,0.955000,1.530000,1.123000,0.917000,4.559000,127.718000
2023-09-20,3.497000,0.961000,1.528000,1.124000,0.908000,4.594000,127.666000
2023-09-21,3.462000,0.953000,1.512000,1.103000,0.904000,4.580000,127.763000
2023-09-22,3.537000,0.958000,1.493000,1.092000,0.927000,4.561000,127.668000
2023-09-25,3.509000,0.958000,1.490000,1.094000,0.919000,4.581000,127.641000
2023-09-26,3.488000,0.956000,1.483000,1.085000,0.920000,4.578000,127.492000
2023-09-27,3.498000,0.953000,1.475000,1.081000,0.925000,4.511000,127.194000
2023-09-28,3.484000,0.952000,1.471000,1.080000,0.932000,4.436000,127.772000
2023-10-09,3.474000,0.949000,1.470000,1.096000,0.930000,4.405000,127.883000
2023-10-10,3.447000,0.936000,1.490000,1.111000,0.924000,4.348000,127.789000
2023-10-11,3.455000,0.936000,1.499000,1.118000,0.937000,4.355000,127.549000
2023-10-12,3.491000,0.948000,1.510000,1.128000,0.943000,4.390000,127.530000
2023-10-13,3.456000,0.947000,1.497000,1.122000,0.934000,4.405000,127.639000
2023-10-16,3.413000,0.951000,1.496000,1.111000,0.916000,4.460000,127.653000
2023-10-17,3.425000,0.956000,1.507000,1.119000,0.924000,4.480000,127.588000
2023-10-18,3.397000,0.951000,1.505000,1.114000,0.913000,4.523000,127.563000
2023-10-19,3.320000,0.931000,1.485000,1.100000,0.911000,4.547000,127.328000
2023-10-20,3.302000,0.934000,1.467000,1.086000,0.904000,4.597000,127.430000
2023-10-23,3.264000,0.915000,1.457000,1.079000,0.883000,4.572000,127.552000
2023-10-24,3.269000,0.920000,1.455000,1.086000,0.893000,4.575000,127.490000
2023-10-25,3.289000,0.931000,1.456000,1.082000,0.891000,4.557000,127.644000
2023-10-26,3.302000,0.934000,1.433000,1.049000,0.892000,4.590000,127.800000
2023-10-27,3.356000,0.938000,1.433000,1.053000,0.906000,4.599000,127.740000
2023-10-30,3.372000,0.922000,1.427000,1.055000,0.920000,4.609000,127.916000
2023-10-31,3.364000,0.922000,1.431000,1.054000,0.917000,4.620000,127.956000
2023-11-01,3.362000,0.923000,1.446000,1.069000,0.913000,4.603000,127.983000
2023-11-02,3.345000,0.925000,1.463000,1.091000,0.903000,4.613000,128.081000
2023-11-03,3.373000,0.919000,1.486000,1.099000,0.918000,4.610000,128.072000
2023-11-06,3.421000,0.917000,1.494000,1.111000,0.934000,4.587000,128.035000
2023-11-07,3.410000,0.919000,1.492000,1.110000,0.935000,4.569000,128.070000
2023-11-08,3.399000,0.919000,1.497000,1.120000,0.943000,4.551000,128.083000
2023-11-09,3.402000,0.921000,1.505000,1.127000,0.937000,4.521000,128.090000
2023-11-10,3.375000,0.916000,1.493000,1.116000,0.931000,4.554000,128.095000
2023-11-13,3.370000,0.919000,1.513000,1.140000,0.937000,4.538000,128.253000
2023-11-14,3.370000,0.920000,1.518000,1.144000,0.946000,4.558000,128.242000
2023-11-15,3.395000,0.927000,1.539000,1.164000,0.942000,4.577000,128.239000
2023-11-16,3.359000,0.926000,1.541000,1.159000,0.928000,4.559000,128.315000
2023-11-17,3.354000,0.924000,1.540000,1.161000,0.932000,4.572000,128.327000
2023-11-20,3.365000,0.928000,1.524000,1.145000,0.934000,4.522000,128.257000
2023-11-21,3.370000,0.931000,1.530000,1.158000,0.927000,4.516000,128.196000
2023-11-22,3.331000,0.927000,1.528000,1.150000,0.913000,4.499000,128.045000
2023-11-23,3.350000,0.933000,1.533000,1.156000,0.918000,4.495000,127.880000
2023-11-24,3.325000,0.933000,1.535000,1.157000,0.906000,4.499000,127.976000
2023-11-27,3.301000,0.926000,1.534000,1.151000,0.909000,4.546000,127.957000
2023-11-28,3.305000,0.926000,1.535000,1.154000,0.913000,4.560000,127.945000
2023-11-29,3.278000,0.919000,1.532000,1.154000,0.906000,4.591000,127.897000
2023-11-30,3.282000,0.921000,1.531000,1.153000,0.907000,4.589000,127.991000
2023-12-01,3.268000,0.932000,1.539000,1.148000,0.910000,4.589000,128.090000
2023-12-04,3.244000,0.928000,1.547000,1.150000,0.906000,4.643000,127.995000
2023-12-05,3.178000,0.916000,1.534000,1.137000,0.890000,4.580000,127.981000
2023-12-06,3.183000,0.913000,1.546000,1.153000,0.892000,4.578000,127.963000
2023-12-07,3.174000,0.912000,1.533000,1.140000,0.891000,4.584000,128.034000
2023-12-08,3.181000,0.911000,1.545000,1.157000,0.910000,4.591000,128.100000
2023-12-11,3.205000,0.920000,1.559000,1.164000,0.923000,4.557000,128.285000
2023-12-12,3.213000,0.925000,1.567000,1.178000,0.917000,4.539000,128.273000
2023-12-13,3.155000,0.919000,1.576000,1.191000,0.907000,4.529000,128.455000
2023-12-14,3.139000,0.918000,1.593000,1.204000,0.902000,4.598000,128.331000
2023-12-15,3.132000,0.913000,1.586000,1.193000,0.895000,4.590000,128.448000
2023-12-18,3.118000,0.912000,1.593000,1.202000,0.886000,4.576000,128.555000
2023-12-19,3.120000,0.911000,1.601000,1.209000,0.892000,4.589000,128.542000
2023-12-20,3.089000,0.908000,1.609000,1.216000,0.881000,4.604000,128.451000
2023-12-21,3.120000,0.906000,1.588000,1.200000,0.893000,4.605000,128.500000
2023-12-22,3.126000,0.907000,1.597000,1.206000,0.888000,4.627000,128.677000
2023-12-25,3.135000,0.906000,1.600000,1.207000,0.883000,4.634000,128.785000
2023-12-26,3.115000,0.905000,1.605000,1.215000,0.868000,4.647000,128.887000
2023-12-27,3.125000,0.912000,1.608000,1.219000,0.873000,4.660000,129.016000
2023-12-28,3.209000,0.910000,1.605000,1.216000,0.894000,4.662000,129.135000
2023-12-29,3.219000,0.914000,1.603000,1.213000,0.897000,4.648000,129.253000
2024-01-02,3.173000,0.925000,1.607000,1.210000,0.886000,4.666000,129.142000
2024-01-03,3.163000,0.935000,1.595000,1.191000,0.874000,4.663000,129.107000
2024-01-04,3.133000,0.946000,1.589000,1.185000,0.866000,4.651000,129.210000
2024-01-05,3.116000,0.947000,1.582000,1.176000,0.849000,4.664000,129.347000
2024-01-08,3.069000,0.936000,1.584000,1.179000,0.824000,4.650000,129.313000
2024-01-09,3.077000,0.943000,1.611000,1.209000,0.824000,4.649000,129.334000
2024-01-10,3.061000,0.938000,1.610000,1.209000,0.818000,4.631000,129.317000
2024-01-11,3.080000,0.930000,1.623000,1.223000,0.829000,4.631000,129.350000
2024-01-12,3.069000,0.934000,1.616000,1.219000,0.818000,4.646000,129.307000
2024-01-15,3.065000,0.941000,1.624000,1.227000,0.813000,4.673000,129.263000
2024-01-16,3.087000,0.947000,1.616000,1.215000,0.817000,4.677000,129.172000
2024-01-17,3.012000,0.934000,1.609000,1.214000,0.795000,4.631000,129.269000
2024-01-18,3.057000,0.928000,1.610000,1.217000,0.806000,4.616000,129.240000
2024-01-19,3.064000,0.922000,1.626000,1.242000,0.803000,4.643000,129.465000
2024-01-22,2.995000,0.898000,1.652000,1.280000,0.776000,4.625000,129.527000
2024-01-23,3.017000,0.904000,1.656000,1.271000,0.786000,4.632000,129.449000
2024-01-24,3.068000,0.925000,1.674000,1.278000,0.788000,4.626000,129.402000
2024-01-25,3.124000,0.953000,1.666000,1.271000,0.804000,4.605000,129.572000
2024-01-26,3.118000,0.969000,1.654000,1.261000,0.785000,4.625000,129.665000
2024-01-29,3.088000,0.969000,1.661000,1.272000,0.764000,4.634000,129.711000
2024-01-30,3.032000,0.962000,1.681000,1.292000,0.735000,4.647000,130.057000
2024-01-31,3.011000,0.956000,1.674000,1.264000,0.722000,4.653000,130.090000
2024-02-01,3.007000,0.946000,1.660000,1.252000,0.726000,4.668000,129.968000
2024-02-02,2.977000,0.948000,1.688000,1.283000,0.707000,4.679000,129.956000
2024-02-05,2.997000,0.950000,1.695000,1.289000,0.709000,4.643000,130.114000
2024-02-06,3.100000,0.963000,1.695000,1.291000,0.757000,4.633000,129.913000
2024-02-07,3.129000,0.974000,1.701000,1.279000,0.777000,4.642000,129.851000
2024-02-08,3.151000,0.973000,1.745000,1.308000,0.786000,4.662000,130.090000
2024-02-19,3.178000,0.996000,1.737000,1.301000,0.798000,4.644000,130.050000
2024-02-20,3.190000,1.004000,1.731000,1.299000,0.790000,4.642000,130.092000
2024-02-21,3.238000,1.009000,1.717000,1.282000,0.791000,4.642000,130.175000
2024-02-22,3.264000,1.021000,1.741000,1.304000,0.799000,4.639000,130.233000
2024-02-23,3.267000,1.023000,1.766000,1.321000,0.801000,4.630000,130.399000
2024-02-26,3.232000,0.997000,1.755000,1.308000,0.806000,4.651000,130.411000
2024-02-27,3.273000,1.004000,1.761000,1.306000,0.836000,4.646000,130.449000
2024-02-28,3.237000,0.996000,1.783000,1.309000,0.808000,4.645000,130.460000
2024-02-29,3.292000,1.004000,1.772000,1.300000,0.847000,4.647000,130.511000
2024-03-01,3.319000,1.004000,1.781000,1.321000,0.855000,4.667000,130.430000
2024-03-04,3.316000,1.009000,1.794000,1.339000,0.856000,4.725000,130.435000
2024-03-05,3.345000,1.018000,1.789000,1.329000,0.857000,4.789000,130.440000
2024-03-06,3.331000,1.018000,1.781000,1.324000,0.850000,4.824000,130.620000
2024-03-07,3.312000,1.021000,1.776000,1.315000,0.832000,4.885000,130.736000
2024-03-08,3.322000,1.027000,1.800000,1.337000,0.841000,4.881000,130.683000
2024-03-11,3.370000,1.020000,1.794000,1.317000,0.857000,4.899000,130.598000
2024-03-12,3.375000,0.995000,1.788000,1.322000,0.856000,4.879000,130.471000
2024-03-13,3.354000,0.993000,1.783000,1.330000,0.853000,4.870000,130.434000
2024-03-14,3.341000,0.996000,1.784000,1.324000,0.842000,4.877000,130.361000
2024-03-15,3.350000,0.997000,1.775000,1.316000,0.847000,4.899000,130.444000
2024-03-18,3.381000,0.998000,1.781000,1.316000,0.864000,4.860000,130.567000
2024-03-19,3.358000,0.994000,1.774000,1.309000,0.852000,4.870000,130.673000
2024-03-20,3.361000,1.000000,1.790000,1.314000,0.854000,4.880000,130.649000
2024-03-21,3.359000,1.006000,1.826000,1.337000,0.846000,4.978000,130.673000
2024-03-22,3.328000,1.001000,1.837000,1.338000,0.832000,4.946000,130.706000
2024-03-25,3.309000,1.003000,1.825000,1.334000,0.820000,4.956000,130.642000
2024-03-26,3.320000,1.004000,1.832000,1.341000,0.810000,4.966000,130.627000
2024-03-27,3.282000,0.998000,1.844000,1.342000,0.789000,4.990000,130.681000
2024-03-28,3.299000,1.000000,1.868000,1.339000,0.799000,5.029000,130.665000
2024-03-29,3.315000,1.015000,1.856000,1.337000,0.800000,5.126000,130.813000
2024-04-01,3.373000,1.015000,1.849000,1.344000,0.813000,5.155000,130.768000
2024-04-02,3.361000,1.023000,1.842000,1.340000,0.806000,5.159000,130.816000
2024-04-03,3.347000,1.033000,1.802000,1.327000,0.794000,5.231000,130.953000
2024-04-08,3.318000,1.036000,1.807000,1.326000,0.778000,5.354000,131.120000
2024-04-09,3.312000,1.029000,1.813000,1.328000,0.785000,5.369000,131.245000
2024-04-10,3.286000,1.030000,1.810000,1.333000,0.773000,5.388000,131.259000
2024-04-11,3.283000,1.043000,1.788000,1.321000,0.774000,5.348000,131.284000
2024-04-12,3.255000,1.040000,1.802000,1.341000,0.773000,5.504000,131.459000
2024-04-15,3.328000,1.063000,1.783000,1.329000,0.785000,5.417000,131.440000
2024-04-16,3.296000,1.061000,1.741000,1.293000,0.768000,5.452000,131.367000
2024-04-17,3.342000,1.082000,1.734000,1.292000,0.785000,5.461000,131.402000
2024-04-18,3.348000,1.082000,1.730000,1.289000,0.781000,5.445000,131.508000
2024-04-19,3.320000,1.084000,1.709000,1.264000,0.765000,5.471000,131.596000
2024-04-22,3.313000,1.062000,1.716000,1.256000,0.766000,5.364000,131.677000
2024-04-23,3.288000,1.046000,1.728000,1.259000,0.763000,5.232000,131.867000
2024-04-24,3.302000,1.043000,1.766000,1.289000,0.773000,5.287000,131.508000
2024-04-25,3.312000,1.052000,1.739000,1.268000,0.768000,5.288000,131.603000
2024-04-26,3.362000,1.039000,1.746000,1.290000,0.787000,5.329000,131.379000
2024-04-29,3.405000,1.036000,1.754000,1.298000,0.812000,5.294000,130.819000
2024-04-30,3.387000,1.040000,1.758000,1.299000,0.804000,5.286000,131.202000
2024-05-06,3.437000,1.047000,1.759000,1.302000,0.813000,5.254000,131.415000
2024-05-07,3.439000,1.048000,1.777000,1.315000,0.806000,5.268000,131.581000
2024-05-08,3.410000,1.053000,1.784000,1.317000,0.797000,5.261000,131.605000
2024-05-09,3.445000,1.061000,1.779000,1.314000,0.815000,5.250000,131.486000
2024-05-10,3.447000,1.066000,1.799000,1.321000,0.804000,5.369000,131.462000
2024-05-13,3.444000,1.072000,1.807000,1.326000,0.798000,5.337000,131.606000
2024-05-14,3.438000,1.068000,1.807000,1.326000,0.796000,5.329000,131.681000
2024-05-15,3.412000,1.066000,1.826000,1.335000,0.784000,5.370000,131.680000
2024-05-16,3.424000,1.068000,1.850000,1.358000,0.781000,5.417000,131.616000
2024-05-17,3.465000,1.075000,1.844000,1.355000,0.790000,5.416000,131.517000
2024-05-20,3.473000,1.087000,1.834000,1.357000,0.789000,5.550000,131.679000
2024-05-21,3.461000,1.089000,1.835000,1.364000,0.783000,5.481000,131.609000
2024-05-22,3.469000,1.088000,1.844000,1.369000,0.789000,5.492000,131.667000
2024-05-23,3.432000,1.076000,1.849000,1.381000,0.777000,5.366000,131.761000
2024-05-24,3.391000,1.076000,1.818000,1.358000,0.761000,5.319000,131.764000
2024-05-27,3.421000,1.095000,1.834000,1.374000,0.772000,5.338000,131.730000
2024-05-28,3.398000,1.090000,1.838000,1.380000,0.769000,5.334000,131.806000
2024-05-29,3.399000,1.092000,1.829000,1.374000,0.769000,5.370000,131.878000
2024-05-30,3.385000,1.083000,1.806000,1.359000,0.777000,5.317000,131.931000
2024-05-31,3.371000,1.085000,1.807000,1.353000,0.778000,5.343000,131.908000
2024-06-03,3.376000,1.071000,1.835000,1.359000,0.785000,5.296000,132.050000
2024-06-04,3.401000,1.076000,1.838000,1.355000,0.789000,5.346000,132.082000
2024-06-05,3.388000,1.060000,1.847000,1.366000,0.788000,5.324000,132.121000
2024-06-06,3.388000,1.066000,1.873000,1.393000,0.779000,5.398000,132.095000
2024-06-07,3.365000,1.075000,1.882000,1.394000,0.775000,5.399000,132.144000
2024-06-11,3.340000,1.055000,1.889000,1.395000,0.794000,5.237000,132.144000
2024-06-12,3.336000,1.066000,1.892000,1.408000,0.793000,5.267000,132.126000
2024-06-13,3.323000,1.055000,1.909000,1.436000,0.796000,5.269000,132.139000
2024-06-14,3.343000,1.058000,1.903000,1.435000,0.791000,5.271000,132.160000
2024-06-17,3.333000,1.044000,1.893000,1.441000,0.794000,5.279000,132.217000
2024-06-18,3.344000,1.047000,1.902000,1.460000,0.794000,5.284000,132.254000
2024-06-19,3.334000,1.051000,1.904000,1.462000,0.787000,5.305000,132.281000
2024-06-20,3.311000,1.050000,1.921000,1.472000,0.791000,5.351000,132.396000
2024-06-21,3.305000,1.050000,1.914000,1.450000,0.795000,5.376000,132.327000
2024-06-24,3.288000,1.036000,1.910000,1.444000,0.774000,5.290000,132.410000
2024-06-25,3.267000,1.042000,1.907000,1.429000,0.751000,5.302000,132.452000
2024-06-26,3.288000,1.047000,1.933000,1.456000,0.764000,5.271000,132.552000
2024-06-27,3.269000,1.046000,1.948000,1.455000,0.750000,5.242000,132.693000
2024-06-28,3.276000,1.059000,1.971000,1.475000,0.745000,5.297000,132.789000
2024-07-01,3.290000,1.078000,1.967000,1.473000,0.743000,5.299000,132.562000
2024-07-02,3.285000,1.080000,1.971000,1.474000,0.732000,5.306000,132.685000
2024-07-03,3.279000,1.068000,1.999000,1.501000,0.734000,5.340000,132.897000
2024-07-04,3.264000,1.064000,1.977000,1.510000,0.723000,5.365000,132.824000
2024-07-05,3.247000,1.057000,1.993000,1.529000,0.731000,5.381000,132.718000
2024-07-08,3.223000,1.052000,1.999000,1.552000,0.724000,5.384000,132.451000
2024-07-09,3.260000,1.065000,1.996000,1.568000,0.742000,5.362000,132.619000
2024-07-10,3.252000,1.044000,1.985000,1.548000,0.743000,5.397000,132.705000
2024-07-11,3.298000,1.046000,2.004000,1.555000,0.751000,5.417000,132.698000
2024-07-12,3.308000,1.047000,1.974000,1.492000,0.752000,5.446000,132.806000
2024-07-15,3.315000,1.057000,2.024000,1.539000,0.748000,5.442000,132.858000
2024-07-16,3.340000,1.053000,2.028000,1.536000,0.764000,5.505000,132.857000
2024-07-17,3.345000,1.047000,2.053000,1.522000,0.762000,5.576000,132.889000
2024-07-18,3.366000,1.051000,2.027000,1.495000,0.769000,5.573000,132.848000
2024-07-19,3.389000,1.043000,1.979000,1.471000,0.784000,5.425000,132.940000
2024-07-22,3.360000,1.033000,1.956000,1.463000,0.787000,5.421000,133.231000
2024-07-23,3.290000,1.029000,1.983000,1.477000,0.756000,5.394000,133.376000
2024-07-24,3.268000,1.029000,1.968000,1.448000,0.746000,5.465000,133.378000
2024-07-25,3.248000,1.024000,1.911000,1.407000,0.748000,5.327000,133.398000
2024-07-26,3.263000,1.016000,1.927000,1.409000,0.753000,5.350000,133.457000
2024-07-29,3.243000,1.021000,1.972000,1.437000,0.740000,5.387000,133.434000
2024-07-30,3.220000,1.013000,1.962000,1.420000,0.743000,5.394000,133.454000
2024-07-31,3.297000,1.024000,1.948000,1.429000,0.778000,5.436000,133.551000
2024-08-01,3.272000,1.025000,1.972000,1.463000,0.774000,5.480000,133.777000
2024-08-02,3.236000,1.023000,1.912000,1.396000,0.762000,5.505000,133.978000
2024-08-05,3.197000,1.013000,1.785000,1.287000,0.738000,5.366000,134.029000
2024-08-06,3.197000,1.007000,1.804000,1.332000,0.748000,5.327000,133.830000
2024-08-07,3.190000,1.012000,1.811000,1.334000,0.742000,5.352000,134.021000
2024-08-08,3.194000,1.012000,1.799000,1.314000,0.745000,5.349000,133.901000
2024-08-09,3.182000,1.014000,1.835000,1.350000,0.742000,5.396000,133.716000
2024-08-12,3.178000,1.017000,1.860000,1.365000,0.742000,5.437000,133.094000
2024-08-13,3.183000,1.020000,1.887000,1.379000,0.746000,5.474000,133.499000
2024-08-14,3.159000,1.017000,1.922000,1.413000,0.736000,5.456000,133.626000
2024-08-15,3.197000,1.029000,1.948000,1.422000,0.743000,5.443000,133.490000
2024-08-16,3.199000,1.033000,1.975000,1.469000,0.740000,5.453000,133.467000
2024-08-19,3.208000,1.048000,1.942000,1.442000,0.739000,5.513000,133.526000
2024-08-20,3.192000,1.039000,1.966000,1.468000,0.728000,5.513000,133.504000
2024-08-21,3.177000,1.028000,1.967000,1.469000,0.726000,5.537000,133.357000
2024-08-22,3.168000,1.031000,1.971000,1.471000,0.719000,5.523000,133.633000
2024-08-23,3.182000,1.030000,1.964000,1.457000,0.720000,5.504000,133.834000
2024-08-26,3.183000,1.031000,1.978000,1.460000,0.715000,5.538000,133.836000
2024-08-27,3.166000,1.037000,1.978000,1.442000,0.708000,5.534000,133.746000
2024-08-28,3.146000,1.031000,1.997000,1.442000,0.704000,5.528000,133.791000
2024-08-29,3.136000,1.008000,1.974000,1.407000,0.713000,5.535000,133.717000
2024-08-30,3.181000,1.003000,1.978000,1.417000,0.728000,5.522000,133.675000
2024-09-02,3.121000,1.006000,1.999000,1.429000,0.703000,5.491000,133.996000
2024-09-03,3.133000,0.995000,1.998000,1.431000,0.708000,5.501000,134.179000
2024-09-04,3.112000,0.993000,1.919000,1.356000,0.705000,5.463000,134.227000
2024-09-05,3.119000,0.990000,1.929000,1.360000,0.705000,5.502000,134.313000
2024-09-06,3.091000,0.982000,1.919000,1.372000,0.696000,5.517000,134.358000
2024-09-09,3.050000,0.966000,1.905000,1.364000,0.687000,5.477000,134.431000
2024-09-10,3.050000,0.967000,1.895000,1.368000,0.692000,5.513000,134.549000
2024-09-11,3.043000,0.944000,1.899000,1.377000,0.695000,5.542000,134.756000
2024-09-12,3.032000,0.949000,1.931000,1.421000,0.690000,5.531000,134.541000
2024-09-13,3.017000,0.946000,1.941000,1.435000,0.683000,5.611000,134.735000
2024-09-18,3.027000,0.962000,1.939000,1.424000,0.678000,5.609000,134.769000
2024-09-19,3.054000,0.962000,1.965000,1.440000,0.683000,5.600000,134.585000
2024-09-20,3.063000,0.960000,1.970000,1.443000,0.678000,5.663000,134.684000
2024-09-23,3.072000,0.971000,1.974000,1.449000,0.674000,5.711000,134.714000
2024-09-24,3.216000,1.015000,1.960000,1.441000,0.699000,5.697000,134.562000
2024-09-25,3.263000,1.031000,1.945000,1.430000,0.700000,5.740000,134.887000
2024-09-26,3.429000,1.062000,1.948000,1.445000,0.728000,5.751000,134.780000
2024-09-27,3.658000,1.062000,1.919000,1.414000,0.792000,5.708000,134.200000
2024-09-30,4.022000,1.127000,1.908000,1.409000,0.950000,5.707000,133.734000
2024-10-08,4.201000,1.142000,1.893000,1.403000,1.140000,5.714000,133.680000
2024-10-09,3.811000,1.054000,1.925000,1.427000,1.096000,5.640000,133.960000
2024-10-10,3.875000,1.102000,1.956000,1.443000,1.026000,5.676000,134.288000
2024-10-11,3.766000,1.082000,1.967000,1.445000,0.951000,5.739000,134.360000
2024-10-14,3.829000,1.113000,1.988000,1.446000,0.974000,5.799000,134.338000
2024-10-15,3.720000,1.089000,2.047000,1.476000,0.946000,5.799000,134.374000
2024-10-16,3.695000,1.108000,2.024000,1.459000,0.923000,5.884000,134.393000
2024-10-17,3.652000,1.096000,2.045000,1.468000,0.926000,5.905000,134.581000
2024-10-18,3.805000,1.102000,2.027000,1.459000,1.041000,5.945000,134.427000
2024-10-21,3.805000,1.092000,2.018000,1.461000,1.050000,6.020000,134.409000
2024-10-22,3.829000,1.096000,2.006000,1.459000,1.037000,6.018000,134.215000
2024-10-23,3.844000,1.095000,1.999000,1.465000,1.032000,6.056000,134.076000
2024-10-24,3.800000,1.089000,1.991000,1.449000,1.029000,5.995000,134.130000
2024-10-25,3.829000,1.087000,1.991000,1.455000,1.045000,5.998000,134.118000
2024-10-28,3.835000,1.089000,2.012000,1.473000,1.039000,6.017000,134.145000
2024-10-29,3.802000,1.073000,2.005000,1.470000,1.028000,6.068000,134.282000
2024-10-30,3.760000,1.066000,2.020000,1.484000,1.008000,6.140000,134.325000
2024-10-31,3.760000,1.063000,1.996000,1.459000,1.020000,6.103000,134.314000
2024-11-01,3.768000,1.076000,1.971000,1.442000,0.990000,6.051000,134.521000
2024-11-04,3.821000,1.085000,1.963000,1.443000,1.004000,6.006000,134.580000
2024-11-05,3.926000,1.098000,1.961000,1.438000,1.050000,6.006000,134.568000
2024-11-06,3.900000,1.095000,2.029000,1.489000,1.053000,5.994000,134.619000
2024-11-07,4.037000,1.114000,2.045000,1.512000,1.087000,5.860000,134.739000
2024-11-08,3.983000,1.099000,2.063000,1.525000,1.081000,5.898000,134.792000
2024-11-11,4.004000,1.089000,2.089000,1.534000,1.130000,5.905000,134.830000
2024-11-12,3.958000,1.079000,2.113000,1.536000,1.105000,5.807000,135.021000
2024-11-13,3.984000,1.086000,2.095000,1.527000,1.116000,5.796000,135.020000
2024-11-14,3.913000,1.078000,2.122000,1.529000,1.080000,5.680000,135.027000
2024-11-15,3.844000,1.076000,2.088000,1.510000,1.040000,5.683000,135.125000
2024-11-18,3.827000,1.095000,2.102000,1.499000,1.020000,5.758000,135.050000
2024-11-19,3.847000,1.096000,2.106000,1.504000,1.052000,5.858000,135.019000
2024-11-20,3.857000,1.098000,2.112000,1.521000,1.055000,5.857000,135.114000
2024-11-21,3.862000,1.097000,2.107000,1.510000,1.064000,5.933000,135.201000
2024-11-22,3.742000,1.068000,2.128000,1.521000,1.022000,6.010000,135.227000
2024-11-25,3.720000,1.071000,2.177000,1.536000,1.008000,5.916000,135.340000
2024-11-26,3.712000,1.073000,2.181000,1.536000,1.002000,5.844000,135.313000
2024-11-27,3.776000,1.085000,2.180000,1.540000,1.038000,5.899000,135.254000
2024-11-28,3.747000,1.083000,2.178000,1.531000,1.034000,5.869000,135.352000
2024-11-29,3.790000,1.085000,2.182000,1.532000,1.060000,5.923000,135.429000
2024-12-02,3.820000,1.086000,2.199000,1.540000,1.068000,5.872000,135.734000
2024-12-03,3.824000,1.099000,2.217000,1.568000,1.057000,5.931000,135.707000
2024-12-04,3.803000,1.101000,2.217000,1.575000,1.050000,5.929000,135.828000
2024-12-05,3.796000,1.101000,2.233000,1.589000,1.053000,5.927000,135.858000
2024-12-06,3.846000,1.115000,2.228000,1.584000,1.067000,5.903000,135.815000
2024-12-09,3.843000,1.119000,2.227000,1.610000,1.054000,5.936000,135.827000
2024-12-10,3.874000,1.119000,2.207000,1.597000,1.063000,5.961000,136.263000
2024-12-11,3.864000,1.122000,2.227000,1.593000,1.059000,6.011000,136.272000
2024-12-12,3.906000,1.123000,2.232000,1.617000,1.063000,6.052000,136.453000
2024-12-13,3.809000,1.104000,2.244000,1.629000,1.042000,6.001000,136.945000
2024-12-16,3.785000,1.122000,2.274000,1.649000,1.025000,5.947000,137.053000
2024-12-17,3.796000,1.114000,2.254000,1.663000,1.019000,5.940000,136.853000
2024-12-18,3.813000,1.122000,2.229000,1.674000,1.033000,5.932000,136.845000
2024-12-19,3.819000,1.108000,2.157000,1.630000,1.045000,5.885000,136.890000
2024-12-20,3.807000,1.101000,2.144000,1.597000,1.065000,5.892000,137.327000
2024-12-23,3.811000,1.106000,2.194000,1.652000,1.052000,5.951000,137.251000
2024-12-24,3.858000,1.115000,2.186000,1.648000,1.069000,5.921000,137.143000
2024-12-25,3.861000,1.122000,2.197000,1.667000,1.072000,5.936000,136.885000
2024-12-26,3.862000,1.119000,2.200000,1.674000,1.081000,5.940000,136.887000
2024-12-27,3.856000,1.123000,2.191000,1.662000,1.074000,5.945000,137.178000
2024-12-30,3.875000,1.131000,2.165000,1.639000,1.077000,5.923000,136.893000
2024-12-31,3.811000,1.124000,2.162000,1.629000,1.045000,5.928000,137.106000
2025-01-02,3.698000,1.101000,2.183000,1.643000,1.009000,5.977000,137.301000
2025-01-03,3.658000,1.086000,2.170000,1.633000,0.993000,6.029000,137.677000
2025-01-06,3.642000,1.087000,2.211000,1.669000,0.989000,5.990000,137.679000
2025-01-07,3.669000,1.091000,2.193000,1.659000,1.018000,6.000000,137.448000
2025-01-08,3.663000,1.095000,2.190000,1.642000,1.017000,6.030000,137.493000
2025-01-09,3.655000,1.084000,2.186000,1.636000,1.015000,6.065000,137.188000
2025-01-10,3.612000,1.070000,2.173000,1.630000,1.005000,6.105000,137.099000
2025-01-13,3.597000,1.058000,2.139000,1.592000,1.005000,6.120000,136.929000
2025-01-14,3.695000,1.074000,2.162000,1.611000,1.037000,6.068000,137.001000
2025-01-15,3.672000,1.078000,2.158000,1.601000,1.032000,6.102000,137.157000
2025-01-16,3.674000,1.087000,2.193000,1.637000,1.011000,6.122000,137.133000
2025-01-17,3.687000,1.084000,2.191000,1.630000,1.020000,6.139000,137.068000
2025-01-20,3.706000,1.085000,2.201000,1.646000,1.022000,6.127000,137.079000
2025-01-21,3.711000,1.076000,2.200000,1.647000,1.031000,6.127000,137.109000
2025-01-22,3.675000,1.061000,2.218000,1.657000,1.029000,6.181000,137.200000
2025-01-23,3.686000,1.078000,2.205000,1.643000,1.021000,6.187000,137.036000
2025-01-24,3.718000,1.082000,2.214000,1.644000,1.029000,6.218000,136.894000
2025-01-27,3.696000,1.097000,2.196000,1.615000,1.009000,6.202000,137.386000
2025-02-05,3.676000,1.077000,2.192000,1.612000,1.037000,6.439000,137.349000
2025-02-06,3.721000,1.078000,2.198000,1.627000,1.067000,6.402000,137.484000
2025-02-07,3.777000,1.079000,2.192000,1.623000,1.076000,6.420000,137.401000
2025-02-10,3.781000,1.079000,2.187000,1.606000,1.094000,6.518000,137.171000
2025-02-11,3.765000,1.089000,2.183000,1.607000,1.080000,6.584000,137.138000
2025-02-12,3.803000,1.091000,2.175000,1.609000,1.099000,6.538000,137.140000
2025-02-13,3.793000,1.094000,2.172000,1.618000,1.073000,6.570000,137.117000
2025-02-14,3.823000,1.094000,2.173000,1.629000,1.078000,6.605000,136.816000
2025-02-17,3.830000,1.093000,2.170000,1.630000,1.093000,6.494000,136.722000
2025-02-18,3.801000,1.095000,2.185000,1.643000,1.066000,6.555000,136.527000
2025-02-19,3.822000,1.094000,2.176000,1.636000,1.092000,6.598000,136.707000
2025-02-20,3.810000,1.090000,2.174000,1.622000,1.091000,6.619000,136.473000
2025-02-21,3.864000,1.082000,2.154000,1.611000,1.157000,6.568000,136.340000
2025-02-24,3.851000,1.079000,2.125000,1.590000,1.161000,6.581000,135.954000
2025-02-25,3.810000,1.071000,2.094000,1.565000,1.162000,6.582000,136.143000
2025-02-26,3.843000,1.079000,2.091000,1.561000,1.186000,6.519000,136.155000
2025-02-27,3.856000,1.089000,2.084000,1.571000,1.185000,6.492000,136.097000
2025-02-28,3.783000,1.084000,2.032000,1.511000,1.133000,6.444000,136.144000
2025-03-03,3.770000,1.083000,2.070000,1.542000,1.119000,6.451000,136.490000
2025-03-04,3.766000,1.084000,2.031000,1.515000,1.139000,6.499000,136.484000
2025-03-05,3.783000,1.091000,2.024000,1.533000,1.142000,6.547000,136.436000
2025-03-06,3.838000,1.087000,2.025000,1.534000,1.181000,6.535000,136.307000
2025-03-07,3.828000,1.085000,2.001000,1.500000,1.167000,6.526000,136.027000
2025-03-10,3.812000,1.079000,1.999000,1.496000,1.163000,6.544000,135.795000
2025-03-11,3.824000,1.084000,1.949000,1.428000,1.158000,6.505000,135.471000
2025-03-12,3.814000,1.086000,1.938000,1.432000,1.150000,6.526000,135.963000
2025-03-13,3.794000,1.091000,1.932000,1.424000,1.126000,6.575000,135.981000
2025-03-14,3.895000,1.100000,1.930000,1.438000,1.146000,6.673000,135.956000
2025-03-17,3.883000,1.104000,1.929000,1.443000,1.140000,6.677000,135.669000
2025-03-18,3.892000,1.102000,1.948000,1.455000,1.146000,6.727000,135.770000
2025-03-19,3.898000,1.108000,1.933000,1.443000,1.131000,6.800000,135.682000
2025-03-20,3.865000,1.105000,1.981000,1.475000,1.119000,6.807000,135.855000
2025-03-21,3.799000,1.103000,1.973000,1.468000,1.095000,6.774000,135.802000
2025-03-24,3.816000,1.108000,1.999000,1.498000,1.101000,6.780000,135.734000
2025-03-25,3.818000,1.115000,2.017000,1.513000,1.083000,6.774000,135.907000
2025-03-26,3.802000,1.112000,2.011000,1.508000,1.081000,6.795000,136.066000
2025-03-27,3.816000,1.115000,1.983000,1.482000,1.092000,6.812000,136.117000
2025-03-28,3.797000,1.112000,1.963000,1.475000,1.081000,6.938000,136.087000
2025-03-31,3.773000,1.112000,1.907000,1.411000,1.074000,7.012000,136.077000
2025-04-01,3.771000,1.115000,1.937000,1.436000,1.076000,7.056000,136.070000
2025-04-02,3.768000,1.121000,1.937000,1.442000,1.074000,7.029000,136.172000
2025-04-03,3.748000,1.125000,1.897000,1.413000,1.068000,7.094000,136.684000
2025-04-07,3.484000,1.064000,1.707000,1.272000,0.970000,6.877000,137.107000
2025-04-08,3.519000,1.088000,1.776000,1.319000,0.986000,6.925000,136.993000
2025-04-09,3.555000,1.085000,1.722000,1.300000,1.028000,7.012000,137.074000
2025-04-10,3.618000,1.090000,1.886000,1.429000,1.042000,7.164000,137.208000
2025-04-11,3.629000,1.087000,1.841000,1.413000,1.061000,7.273000,137.255000
2025-04-14,3.637000,1.095000,1.872000,1.432000,1.064000,7.327000,137.133000
2025-04-15,3.640000,1.106000,1.865000,1.416000,1.054000,7.325000,137.136000
2025-04-16,3.649000,1.116000,1.842000,1.389000,1.061000,7.503000,137.254000
2025-04-17,3.652000,1.117000,1.835000,1.390000,1.066000,7.565000,137.166000
2025-04-18,3.662000,1.120000,1.829000,1.381000,1.059000,7.583000,137.107000
2025-04-21,3.664000,1.114000,1.806000,1.369000,1.070000,7.724000,136.989000
2025-04-22,3.667000,1.121000,1.803000,1.371000,1.066000,7.982000,137.040000
2025-04-23,3.671000,1.116000,1.855000,1.415000,1.063000,7.500000,136.911000
2025-04-24,3.671000,1.126000,1.846000,1.398000,1.052000,7.582000,136.793000
2025-04-25,3.671000,1.125000,1.895000,1.444000,1.054000,7.530000,136.919000
2025-04-28,3.665000,1.130000,1.901000,1.448000,1.051000,7.465000,136.881000
2025-04-29,3.658000,1.127000,1.897000,1.446000,1.053000,7.517000,137.066000
2025-04-30,3.655000,1.109000,1.900000,1.446000,1.062000,7.471000,137.173000
2025-05-06,3.692000,1.109000,1.918000,1.457000,1.078000,7.612000,137.098000
2025-05-07,3.716000,1.118000,1.922000,1.462000,1.081000,7.671000,137.060000
2025-05-08,3.739000,1.124000,1.940000,1.485000,1.077000,7.557000,137.340000
2025-05-09,3.734000,1.132000,1.942000,1.486000,1.056000,7.531000,137.300000
2025-05-12,3.779000,1.133000,1.963000,1.516000,1.063000,7.376000,137.235000
2025-05-13,3.783000,1.144000,1.977000,1.522000,1.060000,7.332000,137.141000
2025-05-14,3.834000,1.152000,2.013000,1.566000,1.065000,7.277000,137.025000
2025-05-15,3.800000,1.148000,1.999000,1.559000,1.050000,7.062000,136.927000
2025-05-16,3.778000,1.140000,2.012000,1.561000,1.044000,7.177000,136.833000
2025-05-19,3.772000,1.142000,2.006000,1.547000,1.045000,7.222000,136.902000
2025-05-20,3.792000,1.147000,2.025000,1.564000,1.048000,7.209000,136.949000
2025-05-21,3.808000,1.155000,2.010000,1.549000,1.045000,7.439000,136.934000
2025-05-22,3.806000,1.159000,1.989000,1.539000,1.039000,7.450000,136.933000
2025-05-23,3.777000,1.150000,1.986000,1.534000,1.030000,7.454000,137.039000
2025-05-26,3.756000,1.147000,1.991000,1.543000,1.035000,7.425000,137.036000
2025-05-27,3.735000,1.149000,1.997000,1.550000,1.028000,7.366000,136.984000
2025-05-28,3.731000,1.154000,2.012000,1.568000,1.023000,7.375000,136.991000
2025-05-29,3.755000,1.152000,2.032000,1.589000,1.040000,7.300000,136.833000
2025-05-30,3.748000,1.159000,2.004000,1.556000,1.030000,7.369000,136.966000
2025-06-03,3.746000,1.169000,2.010000,1.562000,1.034000,7.478000,136.959000
2025-06-04,3.763000,1.174000,2.029000,1.575000,1.040000,7.474000,137.049000
2025-06-05,3.773000,1.165000,2.025000,1.571000,1.051000,7.483000,137.116000
2025-06-06,3.775000,1.168000,2.024000,1.567000,1.047000,7.481000,137.231000
2025-06-09,3.784000,1.169000,2.035000,1.571000,1.053000,7.400000,137.280000
2025-06-10,3.761000,1.169000,2.036000,1.571000,1.032000,7.405000,137.296000
2025-06-11,3.793000,1.173000,2.046000,1.577000,1.031000,7.428000,137.289000
2025-06-12,3.795000,1.176000,2.040000,1.571000,1.027000,7.497000,137.259000
2025-06-13,3.769000,1.169000,2.023000,1.554000,1.022000,7.588000,137.288000
2025-06-16,3.779000,1.175000,2.038000,1.567000,1.021000,7.563000,137.319000
2025-06-17,3.778000,1.172000,2.038000,1.573000,1.012000,7.499000,137.473000
2025-06-18,3.781000,1.179000,2.035000,1.568000,1.018000,7.503000,137.489000
2025-06-19,3.750000,1.177000,2.025000,1.559000,1.012000,7.465000,137.495000
2025-06-20,3.755000,1.182000,2.027000,1.562000,1.006000,7.436000,137.520000
2025-06-23,3.768000,1.190000,2.025000,1.559000,1.012000,7.464000,137.491000
2025-06-24,3.813000,1.191000,2.061000,1.595000,1.029000,7.372000,137.438000
2025-06-25,3.878000,1.201000,2.065000,1.595000,1.048000,7.392000,137.402000
2025-06-26,3.863000,1.206000,2.071000,1.603000,1.041000,7.405000,137.440000
2025-06-27,3.840000,1.188000,2.091000,1.619000,1.041000,7.326000,137.535000
2025-06-30,3.859000,1.186000,2.102000,1.629000,1.056000,7.314000,137.471000
2025-07-01,3.865000,1.197000,2.096000,1.622000,1.048000,7.397000,137.521000
2025-07-02,3.869000,1.200000,2.110000,1.623000,1.035000,7.394000,137.601000
2025-07-03,3.892000,1.201000,2.114000,1.626000,1.036000,7.445000,137.619000
2025-07-04,3.909000,1.211000,2.125000,1.636000,1.035000,7.407000,137.652000
2025-07-07,3.891000,1.218000,2.121000,1.635000,1.029000,7.355000,137.631000
2025-07-08,3.925000,1.215000,2.121000,1.636000,1.044000,7.398000,137.521000
2025-07-09,3.922000,1.223000,2.113000,1.630000,1.036000,7.314000,137.519000
2025-07-10,3.942000,1.230000,2.121000,1.639000,1.033000,7.371000,137.427000
2025-07-11,3.956000,1.219000,2.124000,1.633000,1.047000,7.376000,137.389000
2025-07-14,3.955000,1.227000,2.107000,1.623000,1.046000,7.440000,137.317000
2025-07-15,3.955000,1.216000,2.131000,1.648000,1.048000,7.436000,137.457000
2025-07-16,3.946000,1.210000,2.115000,1.638000,1.049000,7.402000,137.466000
2025-07-17,3.979000,1.208000,2.131000,1.650000,1.057000,7.397000,137.458000
2025-07-18,4.009000,1.213000,2.143000,1.662000,1.060000,7.403000,137.446000
2025-07-21,4.034000,1.213000,2.140000,1.662000,1.061000,7.446000,137.359000
2025-07-22,4.078000,1.214000,2.136000,1.663000,1.069000,7.474000,137.285000
2025-07-23,4.076000,1.217000,2.144000,1.660000,1.074000,7.548000,137.231000
2025-07-24,4.102000,1.208000,2.153000,1.663000,1.086000,7.424000,136.964000
2025-07-25,4.080000,1.199000,2.164000,1.666000,1.109000,7.409000,136.995000
2025-07-28,4.091000,1.197000,2.185000,1.684000,1.110000,7.388000,137.128000
2025-07-29,4.112000,1.189000,2.184000,1.683000,1.125000,7.363000,136.954000
2025-07-30,4.109000,1.194000,2.180000,1.680000,1.112000,7.377000,137.093000
2025-07-31,4.032000,1.180000,2.202000,1.704000,1.101000,7.350000,137.203000
2025-08-01,4.010000,1.181000,2.172000,1.671000,1.091000,7.352000,137.211000
2025-08-04,4.029000,1.187000,2.148000,1.648000,1.104000,7.446000,137.183000
2025-08-05,4.060000,1.200000,2.187000,1.679000,1.109000,7.455000,137.227000
2025-08-06,4.071000,1.201000,2.174000,1.670000,1.113000,7.468000,137.241000
2025-08-07,4.070000,1.206000,2.174000,1.684000,1.112000,7.484000,137.341000
2025-08-08,4.060000,1.207000,2.174000,1.691000,1.096000,7.508000,137.398000
2025-08-11,4.079000,1.200000,2.192000,1.708000,1.103000,7.429000,137.231000
2025-08-12,4.105000,1.202000,2.187000,1.703000,1.124000,7.399000,137.203000
2025-08-13,4.140000,1.198000,2.204000,1.721000,1.133000,7.415000,137.301000
2025-08-14,4.133000,1.199000,2.203000,1.717000,1.142000,7.424000,137.248000
2025-08-15,4.172000,1.195000,2.217000,1.722000,1.158000,7.401000,137.235000
2025-08-18,4.204000,1.197000,2.203000,1.710000,1.183000,7.413000,136.937000
2025-08-19,4.182000,1.196000,2.197000,1.703000,1.170000,7.391000,136.948000
2025-08-20,4.241000,1.207000,2.185000,1.684000,1.208000,7.374000,136.886000
2025-08-21,4.255000,1.214000,2.183000,1.690000,1.208000,7.394000,136.948000
2025-08-22,4.356000,1.209000,2.170000,1.676000,1.323000,7.378000,136.911000
2025-08-25,4.442000,1.219000,2.200000,1.698000,1.356000,7.427000,137.030000
2025-08-26,4.418000,1.216000,2.191000,1.690000,1.336000,7.449000,137.036000
2025-08-27,4.352000,1.197000,2.206000,1.704000,1.337000,7.450000,137.074000
2025-08-28,4.436000,1.197000,2.194000,1.693000,1.433000,7.468000,137.006000
2025-08-29,4.478000,1.194000,2.195000,1.692000,1.412000,7.486000,137.038000
2025-09-01,4.493000,1.191000,2.185000,1.673000,1.431000,7.647000,137.149000
2025-09-02,4.467000,1.200000,2.187000,1.676000,1.394000,7.670000,137.147000
2025-09-03,4.426000,1.187000,2.177000,1.676000,1.365000,7.768000,137.292000
2025-09-04,4.333000,1.190000,2.189000,1.682000,1.282000,7.750000,137.378000
2025-09-05,4.431000,1.185000,2.204000,1.701000,1.326000,7.775000,137.169000
2025-09-08,4.432000,1.185000,2.195000,1.696000,1.328000,7.847000,137.141000
2025-09-09,4.405000,1.191000,2.198000,1.701000,1.307000,7.966000,137.121000
2025-09-10,4.415000,1.188000,2.207000,1.711000,1.321000,7.947000,137.045000
2025-09-11,4.537000,1.192000,2.210000,1.708000,1.393000,7.923000,137.146000
2025-09-12,4.498000,1.184000,2.222000,1.714000,1.406000,7.954000,137.191000
2025-09-15,4.506000,1.174000,2.229000,1.727000,1.409000,7.931000,137.280000
2025-09-16,4.497000,1.170000,2.238000,1.736000,1.426000,8.032000,137.365000
2025-09-17,4.530000,1.175000,2.230000,1.729000,1.440000,7.964000,137.522000
2025-09-18,4.471000,1.153000,2.241000,1.744000,1.450000,7.862000,137.430000
2025-09-19,4.481000,1.159000,2.252000,1.751000,1.431000,7.898000,137.275000
2025-09-22,4.496000,1.150000,2.269000,1.771000,1.479000,8.048000,137.387000
2025-09-23,4.499000,1.157000,2.288000,1.800000,1.475000,8.143000,137.262000
2025-09-24,4.540000,1.157000,2.280000,1.785000,1.530000,8.190000,137.144000
2025-09-25,4.572000,1.149000,2.270000,1.779000,1.548000,8.146000,137.092000
2025-09-26,4.528000,1.149000,2.265000,1.780000,1.524000,8.160000,137.196000
2025-09-29,4.605000,1.147000,2.281000,1.800000,1.543000,8.259000,137.161000
2025-09-30,4.618000,1.139000,2.284000,1.813000,1.570000,8.339000,137.368000
2025-10-09,4.693000,1.142000,2.322000,1.851000,1.618000,8.729000,137.463000
2025-10-10,4.596000,1.150000,2.329000,1.860000,1.528000,8.602000,137.433000
2025-10-13,4.569000,1.156000,2.294000,1.829000,1.546000,8.859000,137.474000
2025-10-14,4.522000,1.177000,2.263000,1.810000,1.481000,8.976000,137.521000
2025-10-15,4.583000,1.182000,2.289000,1.825000,1.501000,9.187000,137.480000
2025-10-16,4.598000,1.190000,2.285000,1.838000,1.487000,9.244000,137.486000
2025-10-17,4.501000,1.185000,2.263000,1.807000,1.433000,9.568000,137.586000
2025-10-20,4.517000,1.187000,2.321000,1.859000,1.437000,9.268000,137.462000
2025-10-21,4.587000,1.190000,2.326000,1.873000,1.477000,9.490000,137.482000
2025-10-22,4.572000,1.199000,2.348000,1.883000,1.476000,9.101000,137.508000
2025-10-23,4.590000,1.206000,2.352000,1.883000,1.473000,8.994000,137.468000
2025-10-24,4.647000,1.197000,2.360000,1.902000,1.535000,8.950000,137.459000
2025-10-27,4.703000,1.198000,2.415000,1.956000,1.558000,8.914000,137.506000
2025-10-28,4.679000,1.198000,2.421000,1.961000,1.545000,8.597000,137.785000
2025-10-29,4.739000,1.187000,2.468000,2.000000,1.565000,8.692000,137.901000
2025-10-30,4.700000,1.190000,2.473000,1.985000,1.535000,8.704000,138.014000
2025-10-31,4.633000,1.188000,2.454000,1.982000,1.488000,8.794000,138.030000
2025-11-03,4.640000,1.204000,2.479000,1.976000,1.470000,8.797000,137.968000
2025-11-04,4.606000,1.217000,2.415000,1.940000,1.455000,8.737000,137.961000
2025-11-05,4.612000,1.217000,2.388000,1.912000,1.460000,8.706000,137.966000
2025-11-06,4.682000,1.216000,2.389000,1.949000,1.509000,8.755000,137.900000
2025-11-07,4.672000,1.217000,2.384000,1.924000,1.487000,8.793000,137.929000
2025-11-10,4.684000,1.227000,2.424000,1.951000,1.478000,8.936000,137.925000
2025-11-11,4.640000,1.232000,2.430000,1.959000,1.457000,9.062000,137.942000
2025-11-12,4.642000,1.243000,2.463000,1.974000,1.449000,9.029000,138.000000
2025-11-13,4.689000,1.239000,2.488000,1.975000,1.469000,9.175000,137.944000
2025-11-14,4.618000,1.235000,2.448000,1.923000,1.431000,9.096000,137.927000
2025-11-17,4.587000,1.224000,2.454000,1.909000,1.422000,8.882000,137.953000
2025-11-18,4.560000,1.217000,2.399000,1.844000,1.427000,8.777000,137.961000
2025-11-19,4.574000,1.219000,2.359000,1.836000,1.413000,8.954000,137.919000
2025-11-20,4.553000,1.228000,2.413000,1.907000,1.396000,8.903000,137.992000
2025-11-21,4.441000,1.209000,2.355000,1.848000,1.351000,8.828000,137.954000
2025-11-24,4.434000,1.202000,2.390000,1.856000,1.360000,8.857000,137.970000
2025-11-25,4.474000,1.209000,2.404000,1.897000,1.369000,9.010000,137.973000
2025-11-26,4.503000,1.203000,2.447000,1.927000,1.382000,9.011000,137.821000
2025-11-27,4.499000,1.205000,2.433000,1.925000,1.379000,9.010000,137.813000
2025-11-28,4.512000,1.204000,2.463000,1.943000,1.393000,9.067000,137.868000
2025-12-01,4.564000,1.211000,2.460000,1.936000,1.404000,9.161000,137.915000
2025-12-02,4.543000,1.208000,2.460000,1.940000,1.387000,9.112000,137.880000
2025-12-03,4.522000,1.203000,2.469000,1.965000,1.375000,9.096000,137.892000
2025-12-04,4.534000,1.198000,2.461000,1.965000,1.394000,9.064000,137.751000
2025-12-05,4.575000,1.193000,2.451000,1.963000,1.394000,9.136000,137.823000
2025-12-08,4.609000,1.190000,2.444000,1.952000,1.420000,9.110000,137.808000
2025-12-09,4.585000,1.181000,2.420000,1.928000,1.414000,9.046000,137.885000
2025-12-10,4.579000,1.176000,2.443000,1.944000,1.415000,9.095000,137.906000
2025-12-11,4.545000,1.173000,2.432000,1.918000,1.392000,9.110000,138.000000
2025-12-12,4.571000,1.174000,2.453000,1.921000,1.418000,9.227000,137.961000
2025-12-15,4.544000,1.175000,2.447000,1.902000,1.389000,9.351000,137.902000
2025-12-16,4.497000,1.169000,2.420000,1.873000,1.361000,9.240000,137.876000
2025-12-17,4.576000,1.171000,2.435000,1.899000,1.396000,9.310000,137.969000
2025-12-18,4.545000,1.181000,2.426000,1.878000,1.376000,9.318000,138.053000
2025-12-19,4.565000,1.181000,2.451000,1.916000,1.380000,9.313000,138.127000
2025-12-22,4.607000,1.173000,2.456000,1.945000,1.405000,9.511000,138.055000
2025-12-23,4.617000,1.173000,2.447000,1.935000,1.410000,9.639000,138.292000
2025-12-24,4.634000,1.177000,2.455000,1.933000,1.423000,9.642000,138.234000
2025-12-25,4.643000,1.178000,2.458000,1.930000,1.422000,9.566000,138.187000
2025-12-26,4.661000,1.175000,2.461000,1.929000,1.419000,9.650000,138.279000
2025-12-29,4.640000,1.176000,2.447000,1.916000,1.417000,9.563000,138.110000
2025-12-30,4.650000,1.175000,2.439000,1.914000,1.433000,9.363000,138.087000
2025-12-31,4.630000,1.176000,2.432000,1.904000,1.417000,9.301000,138.090000
2026-01-05,4.721000,1.173000,2.468000,1.930000,1.479000,9.495000,137.959000
2026-01-06,4.796000,1.174000,2.467000,1.925000,1.505000,9.577000,137.854000
2026-01-07,4.778000,1.170000,2.465000,1.919000,1.520000,9.518000,137.777000
2026-01-08,4.740000,1.161000,2.458000,1.899000,1.531000,9.511000,137.898000
2026-01-09,4.762000,1.162000,2.460000,1.903000,1.554000,9.592000,137.887000
2026-01-12,4.790000,1.164000,2.458000,1.893000,1.594000,9.777000,137.956000
2026-01-13,4.773000,1.166000,2.460000,1.915000,1.549000,9.793000,137.996000
2026-01-14,4.743000,1.156000,2.452000,1.909000,1.579000,9.922000,138.087000
2026-01-15,4.752000,1.153000,2.445000,1.901000,1.573000,9.867000,138.142000
2026-01-16,4.736000,1.143000,2.455000,1.904000,1.593000,9.857000,138.232000
2026-01-19,4.738000,1.144000,2.441000,1.887000,1.586000,10.006000,138.223000
2026-01-20,4.724000,1.160000,2.432000,1.876000,1.560000,10.082000,138.312000
2026-01-21,4.730000,1.151000,2.427000,1.875000,1.616000,10.377000,138.309000
2026-01-22,4.727000,1.152000,2.459000,1.901000,1.622000,10.341000,138.296000
2026-01-23,4.704000,1.148000,2.434000,1.891000,1.635000,10.617000,138.343000
2026-01-26,4.712000,1.156000,2.412000,1.882000,1.615000,10.924000,138.316000
2026-01-27,4.710000,1.148000,2.424000,1.894000,1.640000,10.934000,138.329000
2026-01-28,4.725000,1.152000,2.433000,1.905000,1.635000,11.280000,138.351000
2026-01-29,4.768000,1.169000,2.425000,1.891000,1.589000,11.904000,138.437000
2026-01-30,4.711000,1.168000,2.439000,1.881000,1.588000,11.009000,138.423000
2026-02-02,4.600000,1.154000,2.364000,1.833000,1.528000,9.908000,138.426000
2026-02-03,4.664000,1.150000,2.375000,1.872000,1.548000,10.422000,138.475000
2026-02-04,4.707000,1.166000,2.375000,1.853000,1.531000,10.867000,138.460000
2026-02-05,4.679000,1.181000,2.368000,1.840000,1.508000,10.523000,138.544000
2026-02-06,4.649000,1.178000,2.326000,1.813000,1.499000,10.357000,138.580000
2026-02-09,4.727000,1.181000,2.383000,1.847000,1.535000,10.719000,138.666000
2026-02-10,4.733000,1.186000,2.394000,1.844000,1.550000,10.669000,138.663000
2026-02-11,4.723000,1.188000,2.395000,1.841000,1.533000,10.758000,138.727000
2026-02-12,4.727000,1.177000,2.389000,1.836000,1.559000,10.720000,138.785000
2026-02-13,4.671000,1.167000,2.382000,1.830000,1.548000,10.575000,138.839000
2026-02-24,4.716000,1.172000,2.385000,1.823000,1.543000,10.950000,138.855000
2026-02-25,4.750000,1.169000,2.382000,1.825000,1.552000,10.959000,138.739000
2026-02-26,4.735000,1.168000,2.384000,1.832000,1.564000,10.913000,138.604000
2026-02-27,4.725000,1.172000,2.387000,1.819000,1.566000,10.933000,138.692000
2026-03-02,4.739000,1.183000,2.358000,1.802000,1.544000,11.417000,138.813000
2026-03-03,4.678000,1.196000,2.367000,1.786000,1.464000,11.259000,138.802000
2026-03-04,4.610000,1.180000,2.338000,1.762000,1.459000,10.980000,138.923000
2026-03-05,4.654000,1.182000,2.361000,1.800000,1.482000,10.964000,138.864000
2026-03-06,4.667000,1.188000,2.350000,1.801000,1.491000,10.873000,138.900000
2026-03-09,4.629000,1.187000,2.294000,1.756000,1.465000,10.868000,138.731000
2026-03-10,4.683000,1.185000,2.311000,1.788000,1.495000,10.956000,138.739000
2026-03-11,4.711000,1.196000,2.313000,1.792000,1.477000,10.974000,138.729000
2026-03-12,4.694000,1.202000,2.318000,1.784000,1.456000,10.938000,138.733000
2026-03-13,4.677000,1.205000,2.286000,1.767000,1.450000,10.802000,138.766000
2026-03-16,4.680000,1.205000,2.279000,1.774000,1.458000,10.664000,138.672000
2026-03-17,4.646000,1.210000,2.283000,1.768000,1.428000,10.637000,138.674000
2026-03-18,4.662000,1.204000,2.284000,1.789000,1.445000,10.606000,138.812000
2026-03-19,4.599000,1.201000,2.259000,1.764000,1.411000,10.126000,138.888000
2026-03-20,4.576000,1.196000,2.244000,1.749000,1.388000,9.896000,138.847000
2026-03-23,4.430000,1.158000,2.149000,1.680000,1.329000,8.941000,138.794000
2026-03-24,4.479000,1.178000,2.190000,1.717000,1.359000,9.299000,138.758000
2026-03-25,4.544000,1.188000,2.213000,1.734000,1.385000,9.641000,138.802000
2026-03-26,4.488000,1.185000,2.219000,1.716000,1.357000,9.450000,138.856000
2026-03-27,4.508000,1.183000,2.209000,1.708000,1.370000,9.494000,138.941000
2026-03-30,4.500000,1.193000,2.171000,1.683000,1.359000,9.656000,139.029000
2026-03-31,4.463000,1.198000,2.164000,1.674000,1.324000,9.699000,139.069000
2026-04-01,4.534000,1.197000,2.238000,1.752000,1.369000,10.024000,138.950000
2026-04-02,4.489000,1.201000,2.206000,1.721000,1.330000,9.738000,138.975000
2026-04-03,4.454000,1.188000,2.206000,1.731000,1.324000,9.828000,139.041000
2026-04-07,4.446000,1.180000,2.207000,1.732000,1.342000,9.837000,139.024000
2026-04-08,4.602000,1.190000,2.290000,1.833000,1.425000,10.113000,138.952000
2026-04-09,4.572000,1.183000,2.275000,1.805000,1.415000,9.908000,138.969000
2026-04-10,4.642000,1.181000,2.294000,1.809000,1.437000,9.972000,138.971000
2026-04-13,4.652000,1.176000,2.281000,1.798000,1.448000,9.924000,139.007000
2026-04-14,4.712000,1.181000,2.313000,1.825000,1.479000,10.011000,139.033000
2026-04-15,4.694000,1.189000,2.337000,1.864000,1.482000,10.064000,139.166000
2026-04-16,4.746000,1.189000,2.365000,1.907000,1.498000,10.097000,139.252000
2026-04-17,4.739000,1.184000,2.361000,1.892000,1.499000,10.029000,139.319000
2026-04-20,4.765000,1.190000,2.360000,1.890000,1.527000,10.036000,139.304000
2026-04-21,4.776000,1.197000,2.370000,1.892000,1.504000,10.010000,139.299000
2026-04-22,4.811000,1.192000,2.373000,1.896000,1.529000,10.004000,139.402000
2026-04-23,4.801000,1.198000,2.369000,1.905000,1.508000,9.900000,139.402000
2026-04-24,4.782000,1.198000,2.366000,1.907000,1.531000,9.826000,139.464000
2026-04-27,4.782000,1.189000,2.384000,1.945000,1.591000,9.897000,139.266000
2026-04-28,4.770000,1.192000,2.407000,1.963000,1.568000,9.732000,139.385000
2026-04-29,4.821000,1.195000,2.411000,1.962000,1.575000,9.637000,139.464000
2026-04-30,4.824000,1.188000,2.419000,1.959000,1.654000,9.678000,139.438000
2026-05-06,4.888000,1.183000,2.454000,2.010000,1.744000,9.791000,139.376000
2026-05-07,4.912000,1.178000,2.482000,2.054000,1.769000,9.909000,139.385000
2026-05-08,4.886000,1.177000,2.483000,2.065000,1.727000,9.880000,139.465000
2026-05-11,4.966000,1.178000,2.492000,2.108000,1.811000,9.774000,139.476000
2026-05-12,4.963000,1.176000,2.477000,2.081000,1.816000,9.806000,139.528000
2026-05-13,5.017000,1.177000,2.488000,2.093000,1.865000,9.804000,139.564000
2026-05-14,4.941000,1.176000,2.489000,2.105000,1.815000,9.795000,139.576000
2026-05-15,4.878000,1.167000,2.480000,2.100000,1.787000,9.554000,139.639000
2026-05-18,4.852000,1.160000,2.440000,2.066000,1.803000,9.513000,139.691000
2026-05-19,4.869000,1.169000,2.440000,2.047000,1.871000,9.515000,139.812000
2026-05-20,4.871000,1.164000,2.432000,2.058000,1.931000,9.367000,139.843000
2026-05-21,4.808000,1.161000,2.452000,2.103000,1.860000,9.450000,139.756000
2026-05-22,4.862000,1.155000,2.485000,2.146000,1.887000,9.461000,139.769000
2026-05-25,4.937000,1.152000,2.546000,2.231000,1.998000,9.512000,139.741000
2026-05-26,4.972000,1.156000,2.529000,2.185000,1.968000,9.454000,139.795000
2026-05-27,4.932000,1.150000,2.541000,2.223000,1.911000,9.345000,139.867000
2026-05-28,4.932000,1.144000,2.524000,2.214000,1.942000,9.132000,139.982000
2026-05-29,4.923000,1.167000,2.557000,2.273000,1.844000,9.397000,140.064000
2026-06-01,4.868000,1.181000,2.625000,2.365000,1.754000,9.344000,140.069000
2026-06-02,4.936000,1.182000,2.611000,2.343000,1.781000,9.410000,140.045000
2026-06-03,4.965000,1.173000,2.602000,2.299000,1.823000,9.281000,140.029000
2026-06-04,4.926000,1.158000,2.566000,2.240000,1.832000,9.290000,140.069000
2026-06-05,4.843000,1.159000,2.568000,2.205000,1.763000,9.252000,140.065000
2026-06-08,4.739000,1.165000,2.515000,2.114000,1.683000,8.953000,139.974000
2026-06-09,4.826000,1.164000,2.552000,2.200000,1.755000,9.005000,139.910000
2026-06-10,4.784000,1.172000,2.515000,2.143000,1.744000,8.736000,139.843000
2026-06-11,4.751000,1.162000,2.498000,2.130000,1.756000,8.506000,139.703000
2026-06-12,4.818000,1.172000,2.515000,2.162000,1.756000,8.659000,139.728000
2026-06-15,4.919000,1.161000,2.574000,2.258000,1.844000,8.928000,139.755000
2026-06-16,4.910000,1.145000,2.586000,2.280000,1.855000,8.949000,139.874000
2026-06-17,4.958000,1.140000,2.578000,2.279000,1.939000,8.957000,139.913000
2026-06-18,4.984000,1.115000,2.564000,2.266000,2.017000,8.908000,139.996000
2026-06-22,5.091000,1.114000,2.565000,2.250000,2.056000,8.716000,140.028000
2026-06-23,4.942000,1.118000,2.505000,2.174000,2.023000,8.537000,139.937000
2026-06-24,4.967000,1.099000,2.523000,2.187000,2.096000,8.515000,139.998000
2026-06-25,5.048000,1.086000,2.518000,2.208000,2.178000,8.287000,140.016000
2026-06-26,4.907000,1.081000,2.482000,2.158000,2.133000,8.390000,140.101000
2026-06-29,4.959000,1.089000,2.478000,2.178000,2.248000,8.449000,140.225000
2026-06-30,5.019000,1.067000,2.483000,2.204000,2.344000,8.378000,140.172000
2026-07-01,4.998000,1.079000,2.491000,2.209000,2.290000,8.271000,140.017000
2026-07-02,4.850000,1.087000,2.483000,2.158000,2.119000,8.475000,140.075000
2026-07-03,4.876000,1.090000,2.503000,2.167000,2.102000,8.672000,140.075000
2026-07-06,4.877000,1.112000,2.511000,2.171000,2.116000,8.631000,140.133000
2026-07-07,4.826000,1.104000,2.528000,2.169000,2.126000,8.597000,140.128000
2026-07-08,4.798000,1.120000,2.503000,2.141000,2.145000,8.589000,140.179000
2026-07-09,4.916000,1.105000,2.515000,2.166000,2.328000,8.544000,140.151000
2026-07-10,4.829000,1.113000,2.527000,2.174000,2.209000,8.541000,140.162000
2026-07-13,4.744000,1.126000,2.522000,2.168000,2.100000,8.419000,140.155000
2026-07-14,4.837000,1.139000,2.540000,2.170000,2.125000,8.373000,140.178000
2026-07-15,4.838000,1.152000,2.564000,2.188000,2.028000,8.369000,140.199000
2026-07-16,4.753000,1.141000,2.577000,2.167000,1.945000,8.363000,140.169000
2026-07-17,4.589000,1.146000,2.503000,2.107000,1.807000,8.311000,140.192000
2026-07-20,4.650000,1.172000,2.498000,2.096000,1.815000,8.318000,140.195000
2026-07-21,4.787000,1.160000,2.526000,2.130000,2.016000,8.468000,140.204000
2026-07-22,4.765000,1.168000,2.523000,2.130000,1.955000,8.560000,140.279000
2026-07-23,4.787000,1.174000,2.524000,2.131000,1.888000,8.560000,140.247000
2026-07-24,4.701000,1.162000,2.506000,2.104000,1.885000,8.385000,140.254000
2026-07-27,4.753000,1.167000,2.520000,2.118000,1.911000,8.502000,140.221000
2026-07-28,4.627000,1.176000,2.484000,2.068000,1.785000,8.400000,140.212000
2026-07-29,4.657000,1.187000,2.511000,2.074000,1.776000,8.392000,140.207000
2026-07-30,4.605000,1.207000,2.479000,2.041000,1.669000,8.360000,140.233000
2026-07-31,4.653000,1.204000,2.509000,2.112000,1.728000,8.433000,140.350000
2026-08-03,4.599000,1.203000,2.533000,2.127000,1.636000,8.417000,140.337000
2026-08-04,4.651000,1.176000,2.582000,2.192000,1.706000,8.408000,140.371000
2026-08-05,4.714000,1.164000,2.669000,2.267000,1.786000,8.640000,140.380000
2026-08-06,4.709000,1.166000,2.690000,2.244000,1.794000,8.795000,140.395000
2026-08-07,4.751000,1.158000,2.695000,2.266000,1.840000,8.892000,140.466000
2026-08-10,4.759000,1.162000,2.696000,2.261000,1.835000,9.005000,140.481000
2026-08-11,4.728000,1.163000,2.716000,2.215000,1.806000,9.009000,140.450000
2026-08-12,4.748000,1.159000,2.698000,2.226000,1.833000,9.103000,140.464000
2026-08-13,4.729000,1.157000,2.711000,2.226000,1.812000,9.042000,140.511000
2026-08-14,4.726000,1.155000,2.778000,2.264000,1.814000,8.946000,140.560000
2026-08-17,4.801000,1.156000,2.748000,2.274000,1.888000,9.068000,140.597000
2026-08-18,4.787000,1.161000,2.688000,2.239000,1.888000,9.078000,140.663000
2026-08-19,4.654000,1.175000,2.642000,2.200000,1.761000,8.974000,140.649000
2026-08-20,4.653000,1.183000,2.675000,2.212000,1.744000,9.234000,140.615000
2026-08-21,4.680000,1.176000,2.672000,2.195000,1.745000,9.388000,140.635000
2026-08-24,4.627000,1.189000,2.672000,2.166000,1.691000,9.564000,140.670000
2026-08-25,4.616000,1.185000,2.695000,2.195000,1.693000,9.533000,140.682000
2026-08-26,4.652000,1.191000,2.708000,2.203000,1.721000,9.517000,140.588000
2026-08-27,4.691000,1.183000,2.708000,2.229000,1.788000,9.446000,140.514000
2026-08-28,4.679000,1.184000,2.722000,2.235000,1.756000,9.475000,140.492000
2026-08-31,4.685000,1.192000,2.712000,2.223000,1.777000,9.135000,140.494000
2026-09-01,4.684000,1.208000,2.716000,2.233000,1.740000,9.118000,140.567000
2026-09-02,4.620000,1.201000,2.644000,2.195000,1.708000,8.902000,140.546000
2026-09-03,4.621000,1.200000,2.660000,2.196000,1.703000,9.105000,140.610000
2026-09-04,4.616000,1.207000,2.698000,2.222000,1.668000,9.164000,140.601000
2026-09-07,4.634000,1.195000,2.692000,2.236000,1.705000,9.024000,140.602000
2026-09-08,4.624000,1.207000,2.681000,2.233000,1.681000,9.047000,140.590000
2026-09-09,4.637000,1.211000,2.682000,2.234000,1.671000,9.041000,140.591000
2026-09-10,4.617000,1.214000,2.676000,2.219000,1.659000,9.083000,140.565000
2026-09-11,4.579000,1.203000,2.661000,2.201000,1.639000,8.943000,140.526000
2026-09-14,4.552000,1.208000,2.656000,2.191000,1.613000,8.875000,140.553000
2026-09-15,4.523000,1.196000,2.640000,2.196000,1.638000,8.829000,140.583000
2026-09-16,4.550000,1.190000,2.660000,2.218000,1.708000,8.905000,140.606000
2026-09-17,4.532000,1.184000,2.658000,2.220000,1.696000,8.856000,140.630000
2026-09-18,4.582000,1.184000,2.685000,2.269000,1.744000,9.009000,140.670000
2026-09-21,4.608000,1.186000,2.688000,2.283000,1.749000,8.930000,140.672000
2026-09-22,4.613000,1.187000,2.727000,2.316000,1.758000,8.859000,140.709000
